"","V1","V2","V3","V4","V5","V6","V7","V8","V9","V10","V11","V12","V13","V14","V15","V16","V17","V18","V19","V20","V21","V22","V23","V24","V25","V26","V27","V28","V29","V30","V31","V32","V33","V34","V35","V36","V37","V38","V39"
"V1",1,0.740612867188934,0.720512802992842,0.73022038023351,0.219231562061404,0.560711953164465,0.15032400216488,0.172978761094442,0.36689737794379,0.724060295470057,0.468714150282469,0.737164659715882,0.708781423724102,0.795919872147645,0.754429875280384,0.756211000514231,0.711283075374739,0.800804248067056,0.131914416390904,0.475528513373182,0.153158800785512,0.340803428457518,0.394265397814716,0.423807747029351,0.713128024462454,0.577505562784472,0.674248318841632,0.237125429264675,0.385529304800764,0.203812661925449,0.353908158300095,0.610122590690517,0.56649850815385,0.605574434560744,0.520773638206315,0.477003009699394,0.28567518326563,0.294203094829868,0.499013456418637
"V2",0.740612867188934,1,0.919666227584719,0.953660821478372,0.174975684221523,0.650756111308732,0.107129376811877,0.174908199104076,0.345143799914479,0.966602518272512,0.266823479791204,0.852168679749387,0.705721312530303,0.925839764113211,0.924257460464468,0.918868613251376,0.775442022528015,0.901371341087251,0.154307484491385,0.353290649379583,0.165449648296954,0.392604322831247,0.39080186934635,0.479776252510602,0.912672012936484,0.687817960056978,0.836806127459034,0.279591994931355,0.324806382016558,0.184413407898084,0.45079791397642,0.700906241950142,0.636353782256156,0.660278050280563,0.0491311279441097,0.684914036018721,0.226926508602328,0.396310970989663,0.624310700867858
"V3",0.720512802992842,0.919666227584719,1,0.958955717904888,0.211987309664807,0.604427086670833,0.144034803748052,0.245503303122062,0.376570753724727,0.896376945659453,0.247943470329917,0.817123709465197,0.766986887883169,0.945764221644627,0.945499006254891,0.899958271817152,0.823441480665902,0.867937611921416,0.213370404659339,0.43104631445547,0.225617421742516,0.405858873076659,0.423438421225082,0.503566553894191,0.850722010452823,0.742467840674597,0.80066712855882,0.280240119028802,0.427322535563624,0.2669488169549,0.493683912599203,0.721866720550398,0.672159652916775,0.728761142503958,0.00320678595120822,0.612980376385877,0.321653372279927,0.420195925188225,0.62352753034017
"V4",0.73022038023351,0.953660821478372,0.958955717904888,1,0.230490885881858,0.630474769292606,0.116411622904659,0.271873958355425,0.351469391834949,0.938513870591138,0.247502509526354,0.867918711186311,0.728619334387737,0.9420214349878,0.962005649279354,0.955806341777855,0.821183560549687,0.892833507784862,0.261924561803184,0.402892421936334,0.251369877520754,0.403641458658958,0.432089525375634,0.528651743896489,0.888266023787752,0.709022477070165,0.853631211420933,0.267776119484102,0.33924659313588,0.181533766220975,0.445960638345259,0.698566331316632,0.646795629327277,0.692250119002168,0.00298733273405656,0.632693364580453,0.233201026073401,0.382621843610237,0.587035290230279
"V5",0.219231562061404,0.174975684221523,0.211987309664807,0.230490885881858,1,0.125849457067351,0.0285100083354289,0.301165720240091,0.0600584440008693,0.247654982462164,0.0971730447229712,0.279906351809377,0.166944820942064,0.29067832653321,0.23427971981162,0.231709412387674,0.280638326746081,0.213507738832286,0.249870127126801,0.292817626127417,0.127510539393463,0.142607592576401,0.134266144752006,0.125611050622188,0.170354542139262,0.29699512706442,0.22579744221483,0.0387635562679925,0.0592234780801047,0.0441048191021758,0.0676738870835754,0.185975554433552,0.21488300313121,0.203512103620121,0.0266020470737612,0.115027349070984,0.0551274617742968,0.0651522002911119,0.0726190356779861
"V6",0.560711953164465,0.650756111308732,0.604427086670833,0.630474769292606,0.125849457067351,1,0.376278893500153,0.223335208574414,0.201399582900292,0.646752226457223,0.24010131304531,0.66141833798479,0.509626771884288,0.612433825813891,0.606761231139624,0.65843928938732,0.459000843909053,0.702505512220573,0.198639925346699,0.362017079947654,0.181998897725646,0.693519961007681,0.319264686286187,0.374924750503094,0.660648767847052,0.574514641320721,0.605053461852227,0.178142613934395,0.410198982114479,0.26305813024164,0.451225098450428,0.459115496492716,0.421027456375631,0.438467361360339,0.0573771187870385,0.550522250218696,0.306751349727092,0.409359931914758,0.437914152422743
"V7",0.15032400216488,0.107129376811877,0.144034803748052,0.116411622904659,0.0285100083354289,0.376278893500153,1,0.0452880593669036,0.0500899190121405,0.0928523926802118,0.087276897213256,0.300629173274452,0.149595378626352,0.127851735637759,0.123412357879643,0.130526740135977,0.159416304946383,0.14140116983899,0.0451399077626745,0.110397057351984,0.0796189404737538,0.149893065504541,0.113102450924688,0.118480990382014,0.089162279718266,0.27026129115061,0.112506950164559,0.0579055629828718,0.374709157713956,0.433781049676937,0.37466410665091,0.101293708940556,0.103583085390193,0.105637549384063,0.0244175466545179,0.0552610215239801,0.390438563683956,0.357016891960535,0.109479908904727
"V8",0.172978761094442,0.174908199104076,0.245503303122062,0.271873958355425,0.301165720240091,0.223335208574414,0.0452880593669036,1,0.113818195390521,0.181093524060618,0.0601940131918373,0.26844146234013,0.219992902332595,0.24142842387186,0.290754089700001,0.296040493303954,0.255301971100692,0.21979423325977,0.666451992626991,0.307562077853614,0.335253362123963,0.182781154808681,0.21403179204399,0.226913177160278,0.197421641735789,0.328819017197547,0.206568188694664,0.0665907752452215,0.131254807208553,0.0768555816215149,0.127296334018386,0.182258820442618,0.198770733982202,0.224332290933231,-0.0191725525145497,0.113672685207176,0.0986664059316989,0.0701075998871261,0.111537775042675
"V9",0.36689737794379,0.345143799914479,0.376570753724727,0.351469391834949,0.0600584440008693,0.201399582900292,0.0500899190121405,0.113818195390521,1,0.284885110174472,0.0974783761253223,0.33962809039674,0.481729659862077,0.356886383245591,0.400923675704139,0.411513389463106,0.373742350474895,0.333928638536166,0.0946186878614423,0.247792780791083,0.123694672407687,0.175451491780032,0.146697719391671,0.170465327593458,0.305728064900241,0.297015367222534,0.257791078150235,0.0954623443292165,0.232635091754816,0.115479079884246,0.192058632574468,0.471818681694517,0.508419821834563,0.587148959496149,0.0217035735211671,0.159103067099173,0.223277867537246,0.137309826457323,0.322216407772335
"V10",0.724060295470057,0.966602518272512,0.896376945659453,0.938513870591138,0.247654982462164,0.646752226457223,0.0928523926802118,0.181093524060618,0.284885110174472,1,0.24533402023497,0.874747964955862,0.642935532909543,0.912199793828093,0.898516023276084,0.898721967374297,0.782478477177974,0.903915844547823,0.153142988205502,0.346542923021957,0.163523260661042,0.374843031205718,0.396500716985483,0.474551665747393,0.943778738120657,0.677984851914964,0.868444740497645,0.253906493040307,0.285912412138201,0.158718896128504,0.440819710663798,0.66704016790161,0.600698605853335,0.617299796208952,0.0186569966214875,0.723146525621541,0.205919795834555,0.374992545241485,0.590870913350406
"V11",0.468714150282469,0.266823479791204,0.247943470329917,0.247502509526354,0.0971730447229712,0.24010131304531,0.087276897213256,0.0601940131918373,0.0974783761253223,0.24533402023497,1,0.231209616201802,0.241783054224105,0.318462410732221,0.256519197822247,0.256981183727018,0.232384515173552,0.519300624343368,0.0592331523855109,0.23115770701291,0.0687653237952655,0.175575002840743,0.131805502157253,0.150179133248127,0.246507744859582,0.230235971049635,0.239791074812687,0.0680328885901057,0.192174340434878,0.111101393538067,0.139914023031041,0.200897787042671,0.186711670417268,0.212985403934659,0.703828960196773,0.169580009014847,0.116208424423467,0.122009698494649,0.175986190067738
"V12",0.737164659715882,0.852168679749387,0.817123709465197,0.867918711186311,0.279906351809377,0.66141833798479,0.300629173274452,0.26844146234013,0.33962809039674,0.874747964955862,0.231209616201802,1,0.690777684022572,0.824496260064859,0.874932504879008,0.892872453183367,0.832995778105505,0.843728453300054,0.261102940415909,0.376513921013812,0.249588479333777,0.362071809753945,0.450368122716314,0.500012143422116,0.864034453123219,0.658360778824854,0.791517358121023,0.226241500655666,0.305031727798996,0.168998214286817,0.405494733105723,0.689055759315194,0.625053095979379,0.659275733483745,0.0114778218327272,0.641092937493712,0.226720517253926,0.336899464226308,0.567159805412205
"V13",0.708781423724102,0.705721312530303,0.766986887883169,0.728619334387737,0.166944820942064,0.509626771884288,0.149595378626352,0.219992902332595,0.481729659862077,0.642935532909543,0.241783054224105,0.690777684022572,1,0.759940210034487,0.809689707136498,0.760127244960094,0.755718634031794,0.708135495853418,0.175924245359606,0.497629460022116,0.187863849653336,0.309161247997747,0.407790081455802,0.436619807715577,0.668310429555613,0.605302823805445,0.603778735161111,0.254615860804233,0.542975191665589,0.268892767040384,0.378672435618198,0.630013080512243,0.624830930589229,0.737074002702195,0.0160930834040086,0.340964311482748,0.380824743318001,0.359673989457722,0.469721305077978
"V14",0.795919872147645,0.925839764113211,0.945764221644627,0.9420214349878,0.29067832653321,0.612433825813891,0.127851735637759,0.24142842387186,0.356886383245591,0.912199793828093,0.318462410732221,0.824496260064859,0.759940210034487,1,0.935111126280132,0.90330662785825,0.857325843166543,0.881207910906938,0.182805928894341,0.449576814315588,0.193076476319455,0.422823163527004,0.44085333266185,0.510745513978386,0.869347791811667,0.731913113468556,0.808261023238317,0.281695533662338,0.395609999670545,0.228397774595229,0.453457589170984,0.693332770856377,0.652931171455586,0.702073329251705,0.113986018027374,0.594248166045698,0.283599420288493,0.390829784676312,0.575232640644329
"V15",0.754429875280384,0.924257460464468,0.945499006254891,0.962005649279354,0.23427971981162,0.606761231139624,0.123412357879643,0.290754089700001,0.400923675704139,0.898516023276084,0.256519197822247,0.874932504879008,0.809689707136498,0.935111126280132,1,0.966350827953888,0.858587466227943,0.874615081288917,0.258019126296056,0.440504905623127,0.265497738869708,0.403996167760606,0.467385174844729,0.537047532252721,0.865513422176976,0.718651707478781,0.820309149281418,0.262735987255293,0.367735164712812,0.195622077109458,0.431746128936426,0.702648418627342,0.675832532442234,0.715790557650467,0.014747548250721,0.610365217614677,0.253798462822036,0.377612864429635,0.60177213495128
"V16",0.756211000514231,0.918868613251376,0.899958271817152,0.955806341777855,0.231709412387674,0.65843928938732,0.130526740135977,0.296040493303954,0.411513389463106,0.898721967374297,0.256981183727018,0.892872453183367,0.760127244960094,0.90330662785825,0.966350827953888,1,0.820424102528013,0.887066209071946,0.276543862293921,0.426988296068966,0.259403563030058,0.459287409877045,0.479534022984718,0.563068366683988,0.868586737045785,0.701674542656064,0.831249059374679,0.254911337881123,0.344360617374893,0.188281106434285,0.43699604634321,0.734321976915792,0.694251851692726,0.731251737221482,0.0242655892418471,0.611422722794133,0.252522656849806,0.378429119268982,0.566734936257055
"V17",0.711283075374739,0.775442022528015,0.823441480665902,0.821183560549687,0.280638326746081,0.459000843909053,0.159416304946383,0.255301971100692,0.373742350474895,0.782478477177974,0.232384515173552,0.832995778105505,0.755718634031794,0.857325843166543,0.858587466227943,0.820424102528013,1,0.724364420720381,0.183325398769323,0.414193236882427,0.230819317743273,0.346424210346375,0.445276356482305,0.493122929166235,0.790536599563364,0.614868287074086,0.714824347832113,0.238030341752819,0.357121883587861,0.194716252700254,0.365759077477941,0.648778190097102,0.613730552441065,0.669315714065993,0.0163765216979794,0.427642205018561,0.273010410188129,0.302769834420982,0.435394486856175
"V18",0.800804248067056,0.901371341087251,0.867937611921416,0.892833507784862,0.213507738832286,0.702505512220573,0.14140116983899,0.21979423325977,0.333928638536166,0.903915844547823,0.519300624343368,0.843728453300054,0.708135495853418,0.881207910906938,0.874615081288917,0.887066209071946,0.724364420720381,1,0.204009515216937,0.429696052081251,0.195498090789642,0.413825281354745,0.41740872624003,0.500026954966072,0.876202225281298,0.709466484211915,0.808893207723234,0.264976155030842,0.378501250715029,0.209812885283462,0.459755658439047,0.706285399780116,0.641736337351432,0.680370738054129,0.228785432767302,0.713603364042675,0.271840163479241,0.393607345652367,0.624406397706978
"V19",0.131914416390904,0.154307484491385,0.213370404659339,0.261924561803184,0.249870127126801,0.198639925346699,0.0451399077626745,0.666451992626991,0.0946186878614423,0.153142988205502,0.0592331523855109,0.261102940415909,0.175924245359606,0.182805928894341,0.258019126296056,0.276543862293921,0.183325398769323,0.204009515216937,1,0.343701611760986,0.758567241454676,0.144930269289195,0.188042805619651,0.193627576878903,0.145363172879502,0.261133278033452,0.176650784684839,0.0563694143435247,0.0938971225519799,0.0561593695281331,0.11545148319575,0.235394895424437,0.210866959341054,0.215254642276803,-0.0117838291518342,0.0705040965375839,0.0748152981726964,0.0415834835143272,0.0399667083238068
"V20",0.475528513373182,0.353290649379583,0.43104631445547,0.402892421936334,0.292817626127417,0.362017079947654,0.110397057351984,0.307562077853614,0.247792780791083,0.346542923021957,0.23115770701291,0.376513921013812,0.497629460022116,0.449576814315588,0.440504905623127,0.426988296068966,0.414193236882427,0.429696052081251,0.343701611760986,1,0.419187708220888,0.260168078154936,0.295881468753449,0.289888715184415,0.347298255181003,0.472678332111485,0.379636421770199,0.177919407735176,0.317419658791109,0.232820598529525,0.254653348972118,0.372734592274876,0.393055200022208,0.456896891716488,0.13082196886614,0.215759689776511,0.285332823160235,0.165361994320703,0.240844680990291
"V21",0.153158800785512,0.165449648296954,0.225617421742516,0.251369877520754,0.127510539393463,0.181998897725646,0.0796189404737538,0.335253362123963,0.123694672407687,0.163523260661042,0.0687653237952655,0.249588479333777,0.187863849653336,0.193076476319455,0.265497738869708,0.259403563030058,0.230819317743273,0.195498090789642,0.758567241454676,0.419187708220888,1,0.130384482082622,0.212449821348248,0.225612686120531,0.168557579325526,0.188611609846815,0.226478957572509,0.058175627618469,0.123830003130426,0.0606809228105765,0.12065600201121,0.153188332004364,0.164068052628429,0.139219843712843,-0.00937019549924858,0.113061718909155,0.0839970140019903,0.0473110173637908,0.0548694879462391
"V22",0.340803428457518,0.392604322831247,0.405858873076659,0.403641458658958,0.142607592576401,0.693519961007681,0.149893065504541,0.182781154808681,0.175451491780032,0.374843031205718,0.175575002840743,0.362071809753945,0.309161247997747,0.422823163527004,0.403996167760606,0.459287409877045,0.346424210346375,0.413825281354745,0.144930269289195,0.260168078154936,0.130384482082622,1,0.216152627656298,0.244654213066015,0.369017923371949,0.466208698778434,0.358391103696802,0.111251072752921,0.327546691891216,0.295400663698514,0.359361653796451,0.296249138403528,0.296520004497447,0.317625832134625,0.0544560573887558,0.273527865745171,0.290664230730803,0.315033780962293,0.270466635602683
"V23",0.394265397814716,0.39080186934635,0.423438421225082,0.432089525375634,0.134266144752006,0.319264686286187,0.113102450924688,0.21403179204399,0.146697719391671,0.396500716985483,0.131805502157253,0.450368122716314,0.407790081455802,0.44085333266185,0.467385174844729,0.479534022984718,0.445276356482305,0.41740872624003,0.188042805619651,0.295881468753449,0.212449821348248,0.216152627656298,1,0.373828597011474,0.404035509590852,0.383900324657695,0.376743034385143,0.129802079625816,0.217391619829904,0.11826496819754,0.206137104202709,0.295269483148172,0.306367650539321,0.30941080191739,0.0128414666068862,0.229574368864094,0.143800739322982,0.155546184939926,0.268384756616014
"V24",0.423807747029351,0.479776252510602,0.503566553894191,0.528651743896489,0.125611050622188,0.374924750503094,0.118480990382014,0.226913177160278,0.170465327593458,0.474551665747393,0.150179133248127,0.500012143422116,0.436619807715577,0.510745513978386,0.537047532252721,0.563068366683988,0.493122929166235,0.500026954966072,0.193627576878903,0.289888715184415,0.225612686120531,0.244654213066015,0.373828597011474,1,0.48744369974963,0.407712772052462,0.442047606144505,0.156997865532339,0.234093545686788,0.121123577609925,0.254150108836824,0.339684777856597,0.33527161498022,0.339705248651253,0.00724076681516389,0.304283756729546,0.16275559664052,0.204558873526652,0.303180826609744
"V25",0.713128024462454,0.912672012936484,0.850722010452823,0.888266023787752,0.170354542139262,0.660648767847052,0.089162279718266,0.197421641735789,0.305728064900241,0.943778738120657,0.246507744859582,0.864034453123219,0.668310429555613,0.869347791811667,0.865513422176976,0.868586737045785,0.790536599563364,0.876202225281298,0.145363172879502,0.347298255181003,0.168557579325526,0.369017923371949,0.404035509590852,0.48744369974963,1,0.655526334379888,0.859728028403628,0.213493566791948,0.348623094897651,0.168651474316317,0.457927539045284,0.621908552700795,0.575753616449791,0.593951561882014,0.0227862151523209,0.695244843228053,0.242108546387805,0.413679814644713,0.570794693665365
"V26",0.577505562784472,0.687817960056978,0.742467840674597,0.709022477070165,0.29699512706442,0.574514641320721,0.27026129115061,0.328819017197547,0.297015367222534,0.677984851914964,0.230235971049635,0.658360778824854,0.605302823805445,0.731913113468556,0.718651707478781,0.701674542656064,0.614868287074086,0.709466484211915,0.261133278033452,0.472678332111485,0.188611609846815,0.466208698778434,0.383900324657695,0.407712772052462,0.655526334379888,1,0.608871112064658,0.223228204652681,0.623516051867789,0.56052711026175,0.656163870335097,0.578796191940137,0.555634588606643,0.607591974126071,0.0529484797664625,0.474315742196276,0.582426514366042,0.559879903862744,0.517663273449283
"V27",0.674248318841632,0.836806127459034,0.80066712855882,0.853631211420933,0.22579744221483,0.605053461852227,0.112506950164559,0.206568188694664,0.257791078150235,0.868444740497645,0.239791074812687,0.791517358121023,0.603778735161111,0.808261023238317,0.820309149281418,0.831249059374679,0.714824347832113,0.808893207723234,0.176650784684839,0.379636421770199,0.226478957572509,0.358391103696802,0.376743034385143,0.442047606144505,0.859728028403628,0.608871112064658,1,0.210728296338292,0.297523162511983,0.153576611992671,0.404304124353209,0.570515903044245,0.543544249684281,0.579407030709636,0.0302036785719064,0.628139141080313,0.224523308223546,0.345511891786144,0.496359840483071
"V28",0.237125429264675,0.279591994931355,0.280240119028802,0.267776119484102,0.0387635562679925,0.178142613934395,0.0579055629828718,0.0665907752452215,0.0954623443292165,0.253906493040307,0.0680328885901057,0.226241500655666,0.254615860804233,0.281695533662338,0.262735987255293,0.254911337881123,0.238030341752819,0.264976155030842,0.0563694143435247,0.177919407735176,0.058175627618469,0.111251072752921,0.129802079625816,0.156997865532339,0.213493566791948,0.223228204652681,0.210728296338292,1,0.119602276082792,0.0990453098125749,0.121146341705382,0.235174718215783,0.23110284119626,0.222899783346756,0.00353298124835808,0.122559540729596,0.121421907111213,0.107520335800757,0.146370261714613
"V29",0.385529304800764,0.324806382016558,0.427322535563624,0.33924659313588,0.0592234780801047,0.410198982114479,0.374709157713956,0.131254807208553,0.232635091754816,0.285912412138201,0.192174340434878,0.305031727798996,0.542975191665589,0.395609999670545,0.367735164712812,0.344360617374893,0.357121883587861,0.378501250715029,0.0938971225519799,0.317419658791109,0.123830003130426,0.327546691891216,0.217391619829904,0.234093545686788,0.348623094897651,0.623516051867789,0.297523162511983,0.119602276082792,1,0.835456205480854,0.777145883829927,0.261752220822425,0.277568561604432,0.357769937323414,0.0629253713353192,0.165047647145386,0.872440727595446,0.710892275505735,0.236722650591653
"V30",0.203812661925449,0.184413407898084,0.2669488169549,0.181533766220975,0.0441048191021758,0.26305813024164,0.433781049676937,0.0768555816215149,0.115479079884246,0.158718896128504,0.111101393538067,0.168998214286817,0.268892767040384,0.228397774595229,0.195622077109458,0.188281106434285,0.194716252700254,0.209812885283462,0.0561593695281331,0.232820598529525,0.0606809228105765,0.295400663698514,0.11826496819754,0.121123577609925,0.168651474316317,0.56052711026175,0.153576611992671,0.0990453098125749,0.835456205480854,1,0.876624151724829,0.186647784680668,0.18038225420076,0.212341952049774,0.0530033807440999,0.0972139002569324,0.925306208454572,0.784587683372055,0.13243686575413
"V31",0.353908158300095,0.45079791397642,0.493683912599203,0.445960638345259,0.0676738870835754,0.451225098450428,0.37466410665091,0.127296334018386,0.192058632574468,0.440819710663798,0.139914023031041,0.405494733105723,0.378672435618198,0.453457589170984,0.431746128936426,0.43699604634321,0.365759077477941,0.459755658439047,0.11545148319575,0.254653348972118,0.12065600201121,0.359361653796451,0.206137104202709,0.254150108836824,0.457927539045284,0.656163870335097,0.404304124353209,0.121146341705382,0.777145883829927,0.876624151724829,1,0.336472059890408,0.306124313299164,0.325402721163313,0.0213043539293848,0.357146137584255,0.850028002796151,0.863438916763339,0.276974804127008
"V32",0.610122590690517,0.700906241950142,0.721866720550398,0.698566331316632,0.185975554433552,0.459115496492716,0.101293708940556,0.182258820442618,0.471818681694517,0.66704016790161,0.200897787042671,0.689055759315194,0.630013080512243,0.693332770856377,0.702648418627342,0.734321976915792,0.648778190097102,0.706285399780116,0.235394895424437,0.372734592274876,0.153188332004364,0.296249138403528,0.295269483148172,0.339684777856597,0.621908552700795,0.578796191940137,0.570515903044245,0.235174718215783,0.261752220822425,0.186647784680668,0.336472059890408,1,0.824704598028597,0.877780673350643,0.0526092876414962,0.42353092434491,0.245928594035378,0.2479227230032,0.418461685550287
"V33",0.56649850815385,0.636353782256156,0.672159652916775,0.646795629327277,0.21488300313121,0.421027456375631,0.103583085390193,0.198770733982202,0.508419821834563,0.600698605853335,0.186711670417268,0.625053095979379,0.624830930589229,0.652931171455586,0.675832532442234,0.694251851692726,0.613730552441065,0.641736337351432,0.210866959341054,0.393055200022208,0.164068052628429,0.296520004497447,0.306367650539321,0.33527161498022,0.575753616449791,0.555634588606643,0.543544249684281,0.23110284119626,0.277568561604432,0.18038225420076,0.306124313299164,0.824704598028597,1,0.802646320285613,0.0361662387850592,0.382944917280621,0.248200863373686,0.251343093206556,0.397911297909675
"V34",0.605574434560744,0.660278050280563,0.728761142503958,0.692250119002168,0.203512103620121,0.438467361360339,0.105637549384063,0.224332290933231,0.587148959496149,0.617299796208952,0.212985403934659,0.659275733483745,0.737074002702195,0.702073329251705,0.715790557650467,0.731251737221482,0.669315714065993,0.680370738054129,0.215254642276803,0.456896891716488,0.139219843712843,0.317625832134625,0.30941080191739,0.339705248651253,0.593951561882014,0.607591974126071,0.579407030709636,0.222899783346756,0.357769937323414,0.212341952049774,0.325402721163313,0.877780673350643,0.802646320285613,1,0.0237862940418985,0.367455460404179,0.295015870337252,0.252496237194096,0.433621000004164
"V35",0.520773638206315,0.0491311279441097,0.00320678595120822,0.00298733273405656,0.0266020470737612,0.0573771187870385,0.0244175466545179,-0.0191725525145497,0.0217035735211671,0.0186569966214875,0.703828960196773,0.0114778218327272,0.0160930834040086,0.113986018027374,0.014747548250721,0.0242655892418471,0.0163765216979794,0.228785432767302,-0.0117838291518342,0.13082196886614,-0.00937019549924858,0.0544560573887558,0.0128414666068862,0.00724076681516389,0.0227862151523209,0.0529484797664625,0.0302036785719064,0.00353298124835808,0.0629253713353192,0.0530033807440999,0.0213043539293848,0.0526092876414962,0.0361662387850592,0.0237862940418985,1,0.0191724833297456,0.0531841185556422,-0.00153774071570195,0.035585033490015
"V36",0.477003009699394,0.684914036018721,0.612980376385877,0.632693364580453,0.115027349070984,0.550522250218696,0.0552610215239801,0.113672685207176,0.159103067099173,0.723146525621541,0.169580009014847,0.641092937493712,0.340964311482748,0.594248166045698,0.610365217614677,0.611422722794133,0.427642205018561,0.713603364042675,0.0705040965375839,0.215759689776511,0.113061718909155,0.273527865745171,0.229574368864094,0.304283756729546,0.695244843228053,0.474315742196276,0.628139141080313,0.122559540729596,0.165047647145386,0.0972139002569324,0.357146137584255,0.42353092434491,0.382944917280621,0.367455460404179,0.0191724833297456,1,0.107877570682229,0.307707720536963,0.680139533366649
"V37",0.28567518326563,0.226926508602328,0.321653372279927,0.233201026073401,0.0551274617742968,0.306751349727092,0.390438563683956,0.0986664059316989,0.223277867537246,0.205919795834555,0.116208424423467,0.226720517253926,0.380824743318001,0.283599420288493,0.253798462822036,0.252522656849806,0.273010410188129,0.271840163479241,0.0748152981726964,0.285332823160235,0.0839970140019903,0.290664230730803,0.143800739322982,0.16275559664052,0.242108546387805,0.582426514366042,0.224523308223546,0.121421907111213,0.872440727595446,0.925306208454572,0.850028002796151,0.245928594035378,0.248200863373686,0.295015870337252,0.0531841185556422,0.107877570682229,1,0.726500003136495,0.15006169085103
"V38",0.294203094829868,0.396310970989663,0.420195925188225,0.382621843610237,0.0651522002911119,0.409359931914758,0.357016891960535,0.0701075998871261,0.137309826457323,0.374992545241485,0.122009698494649,0.336899464226308,0.359673989457722,0.390829784676312,0.377612864429635,0.378429119268982,0.302769834420982,0.393607345652367,0.0415834835143272,0.165361994320703,0.0473110173637908,0.315033780962293,0.155546184939926,0.204558873526652,0.413679814644713,0.559879903862744,0.345511891786144,0.107520335800757,0.710892275505735,0.784587683372055,0.863438916763339,0.2479227230032,0.251343093206556,0.252496237194096,-0.00153774071570195,0.307707720536963,0.726500003136495,1,0.250250891231038
"V39",0.499013456418637,0.624310700867858,0.62352753034017,0.587035290230279,0.0726190356779861,0.437914152422743,0.109479908904727,0.111537775042675,0.322216407772335,0.590870913350406,0.175986190067738,0.567159805412205,0.469721305077978,0.575232640644329,0.60177213495128,0.566734936257055,0.435394486856175,0.624406397706978,0.0399667083238068,0.240844680990291,0.0548694879462391,0.270466635602683,0.268384756616014,0.303180826609744,0.570794693665365,0.517663273449283,0.496359840483071,0.146370261714613,0.236722650591653,0.13243686575413,0.276974804127008,0.418461685550287,0.397911297909675,0.433621000004164,0.035585033490015,0.680139533366649,0.15006169085103,0.250250891231038,1
