,X5303,X3208,X674,X557,X17,X199,X48,X0,X0.1,X1826,X418,X733,X625,X542,X134,X684,X4004,X7202,X1,X0.2,X0.3,X7,X0.4,X0.5,X308,X116,X0.6,X0.7,X2,X158,X74,X342,X353,X305,X82,X0.8,X25,X0.9,X0.10,X1320,X1367070,Class
X5303,1,0.736448903,0.713486696,0.722988277,0.216643341,0.609727085,0.155850685,0.175878975,0.399486916,0.728865451,0.467405169,0.732831101,0.689674117,0.78629637,0.7500186,0.752275187,0.696810829,0.790774608,0.132510385,0.429401885,0.156833422,0.416645581,0.382814511,0.427897532,0.707701995,0.541768175,0.678093479,0.276578253,0.341650818,0.201405583,0.314980012,0.613890277,0.574457085,0.607768141,0.540578263,0.489196466,0.260439616,0.287964487,0.496113258,0.000884049,-0.072599731,-0.22228896
X3208,0.736448903,1,0.920539331,0.954288892,0.186528865,0.734182512,0.106866653,0.178648475,0.40714362,0.965823873,0.274519159,0.84905186,0.717090214,0.917335066,0.928457209,0.924003809,0.756826728,0.906125806,0.160551551,0.337659708,0.17228108,0.49881648,0.379393452,0.498678568,0.919672406,0.672509741,0.841519775,0.32041647,0.342757818,0.196681637,0.431235412,0.700421823,0.643048659,0.666861497,0.048296792,0.690058878,0.220316523,0.438376692,0.628149979,0.014212871,-0.062052614,-0.186069971
X674,0.713486696,0.920539331,1,0.957689434,0.220253765,0.682039053,0.147217087,0.254831663,0.425096714,0.901818653,0.25601651,0.813930828,0.781222757,0.938121868,0.946016241,0.895881222,0.806960858,0.872684918,0.217966562,0.403822264,0.231369448,0.512280679,0.414466063,0.513487332,0.859669822,0.722300743,0.808780017,0.33462147,0.452217822,0.288255972,0.471866157,0.710920201,0.672682863,0.728294987,0.001479688,0.624698882,0.317896826,0.458570231,0.627727702,0.034910692,-0.035029334,-0.202620861
X557,0.722988277,0.954288892,0.957689434,1,0.233933522,0.726484358,0.117097512,0.280161297,0.40233888,0.942808934,0.254542263,0.869400458,0.728382169,0.92907523,0.960955285,0.956749151,0.799851072,0.900436819,0.27370443,0.380659688,0.262693841,0.521975881,0.420640859,0.543976528,0.899910275,0.704162181,0.856682992,0.323331613,0.354859016,0.196787675,0.42741687,0.696039871,0.654528858,0.694051006,0.001496643,0.651227509,0.224757682,0.427099943,0.595149093,0.020711608,-0.050600806,-0.199781282
X17,0.216643341,0.186528865,0.220253765,0.233933522,1,0.172814285,0.042159135,0.231337725,0.07049618,0.265636362,0.089260243,0.277172484,0.172772792,0.292742774,0.224962603,0.212858311,0.278362582,0.223279904,0.191184444,0.23980849,0.107513159,0.166412468,0.113545607,0.128527332,0.205914796,0.296348772,0.242645425,0.057184095,0.051270655,0.038991602,0.061131003,0.146499074,0.173643978,0.177504774,0.016987877,0.119192088,0.045228363,0.066909764,0.14216638,0.062999228,0.008376406,-0.063502664
X199,0.609727085,0.734182512,0.682039053,0.726484358,0.172814285,1,0.455955765,0.265845356,0.24848355,0.726399706,0.251602549,0.755417867,0.531624603,0.673587806,0.703074448,0.761163298,0.529399264,0.769385808,0.250520768,0.367857574,0.228497296,0.733990402,0.377786594,0.468176134,0.723695573,0.627408768,0.67959213,0.25614333,0.402956021,0.300763123,0.472227022,0.5380891,0.496179664,0.502186353,0.070819718,0.602096266,0.305349511,0.449544897,0.540849169,0.078582418,-0.012023926,-0.178243346
X48,0.155850685,0.106866653,0.147217087,0.117097512,0.042159135,0.455955765,1,0.052116446,0.071941584,0.095850382,0.089199712,0.30164796,0.160047169,0.124840507,0.126364784,0.132786151,0.160042047,0.145938352,0.050490764,0.10827879,0.086487616,0.154174409,0.115584136,0.126057202,0.094419438,0.214439174,0.116542236,0.074867934,0.351759549,0.364217313,0.341747306,0.104571638,0.109877192,0.11346501,0.024037683,0.053603455,0.334664939,0.265251041,0.104367769,0.030741932,0.004897533,-0.063911081
X0,0.175878975,0.178648475,0.254831663,0.280161297,0.231337725,0.265845356,0.052116446,1,0.167367576,0.185886869,0.059000839,0.268787359,0.235753053,0.242751889,0.305587564,0.313183247,0.247526109,0.224201835,0.689470218,0.32083011,0.384711215,0.242692429,0.214571525,0.23647943,0.198091299,0.349940381,0.205351673,0.101118941,0.130874935,0.086408335,0.127203402,0.201623021,0.226910083,0.246902917,-0.019879193,0.118531447,0.103017551,0.072891568,0.114577906,0.1099923,0.030110847,-0.195914165
X0.1,0.399486916,0.40714362,0.425096714,0.40233888,0.07049618,0.24848355,0.071941584,0.167367576,1,0.344119568,0.105085245,0.386846542,0.571293436,0.409028116,0.453832856,0.426993444,0.409536017,0.367507465,0.110516263,0.279516662,0.124582594,0.198858547,0.160992469,0.177611161,0.335097074,0.293874314,0.350402618,0.142559061,0.206837019,0.119736179,0.184702164,0.435848557,0.44591606,0.509986542,0.02773024,0.208797476,0.257797261,0.132482812,0.386902341,0.007121535,-0.035224462,-0.101293614
X1826,0.728865451,0.965823873,0.901818653,0.942808934,0.265636362,0.726399706,0.095850382,0.185886869,0.344119568,1,0.255643525,0.879374885,0.668819847,0.913428242,0.908833681,0.907130356,0.783737982,0.91078824,0.159112451,0.332157196,0.1719589,0.486704689,0.388909152,0.493011088,0.953482457,0.672746544,0.869592573,0.300192565,0.310692346,0.176427565,0.418387299,0.669200471,0.615374065,0.637392341,0.017539474,0.719596801,0.202925912,0.420265767,0.595515258,0.027088388,-0.05066811,-0.191892551
X418,0.467405169,0.274519159,0.25601651,0.254542263,0.089260243,0.251602549,0.089199712,0.059000839,0.105085245,0.255643525,1,0.236710806,0.234489873,0.320604591,0.26463636,0.264225784,0.233368765,0.516739589,0.057091412,0.213441685,0.067779434,0.20752831,0.135657566,0.160900644,0.250175864,0.228999091,0.248192923,0.09001985,0.180158824,0.110776606,0.133006475,0.209966665,0.196102675,0.220672368,0.691209458,0.176830305,0.099495605,0.119558157,0.179556583,-0.014322067,-0.045001724,-0.12163703
X733,0.732831101,0.84905186,0.813930828,0.869400458,0.277172484,0.755417867,0.30164796,0.268787359,0.386846542,0.879374885,0.236710806,1,0.698817279,0.816950339,0.874826791,0.896368702,0.824365428,0.848542395,0.263255075,0.350052902,0.25574521,0.466050767,0.439999946,0.514172423,0.877298776,0.642573287,0.793670256,0.284344768,0.311465331,0.182644178,0.380165667,0.689598116,0.634703818,0.670883302,0.011560823,0.647308277,0.221725536,0.369448938,0.567030396,0.017839231,-0.046699141,-0.165931968
X625,0.689674117,0.717090214,0.781222757,0.728382169,0.172772792,0.531624603,0.160047169,0.235753053,0.571293436,0.668819847,0.234489873,0.698817279,1,0.769235207,0.816729119,0.759583525,0.760212876,0.698851488,0.190747772,0.460208806,0.203344808,0.368501564,0.419902118,0.44270239,0.658795751,0.559997572,0.613708507,0.307789489,0.455218804,0.260902438,0.334862661,0.648571225,0.651736304,0.759698803,0.018230896,0.361761488,0.351165603,0.312432033,0.468967361,0.056677727,-0.03991032,-0.141741791
X542,0.78629637,0.917335066,0.938121868,0.92907523,0.292742774,0.673587806,0.124840507,0.242751889,0.409028116,0.913428242,0.320604591,0.816950339,0.769235207,1,0.931255918,0.888022635,0.846132306,0.873700001,0.18604995,0.435493718,0.197732623,0.518566962,0.428768877,0.511478026,0.867719742,0.712656478,0.805869025,0.329963984,0.394503636,0.233274971,0.417703219,0.68107893,0.650802153,0.698925452,0.112362067,0.597077269,0.267265841,0.408811704,0.560576897,0.026584032,-0.058617752,-0.235787986
X134,0.7500186,0.928457209,0.946016241,0.960955285,0.224962603,0.703074448,0.126364784,0.305587564,0.453832856,0.908833681,0.26463636,0.874826791,0.816729119,0.931255918,1,0.963095927,0.84316619,0.88179399,0.275576985,0.423021822,0.282577245,0.514694797,0.459919773,0.549360381,0.877791081,0.708145389,0.83158896,0.326422322,0.379496104,0.211937408,0.411313138,0.696426359,0.677684293,0.71310687,0.015371978,0.628521172,0.248191119,0.413072693,0.607775747,0.020960265,-0.055518759,-0.225582021
X684,0.752275187,0.924003809,0.895881222,0.956749151,0.212858311,0.761163298,0.132786151,0.313183247,0.426993444,0.907130356,0.264225784,0.896368702,0.759583525,0.888022635,0.963095927,1,0.799003418,0.897242444,0.296426092,0.423575654,0.277240242,0.558872815,0.476993058,0.585721637,0.883272096,0.703946203,0.842366299,0.320929942,0.360162901,0.206973623,0.421875688,0.729585927,0.691806708,0.722001239,0.025313597,0.638775346,0.253121451,0.421804907,0.582058977,0.03368888,-0.048898872,-0.195279709
X4004,0.696810829,0.756826728,0.806960858,0.799851072,0.278362582,0.529399264,0.160042047,0.247526109,0.409536017,0.783737982,0.233368765,0.824365428,0.760212876,0.846132306,0.84316619,0.799003418,1,0.710400638,0.169063323,0.389117537,0.235763303,0.42464438,0.426212989,0.489310269,0.790092216,0.578384107,0.713600572,0.286894053,0.345110079,0.198992869,0.329908024,0.639105382,0.613420808,0.673656805,0.015882866,0.430940023,0.263849176,0.310436014,0.393409919,0.021408404,-0.046703258,-0.172414269
X7202,0.790774608,0.906125806,0.872684918,0.900436819,0.223279904,0.769385808,0.145938352,0.224201835,0.367507465,0.91078824,0.516739589,0.848542395,0.698851488,0.873700001,0.88179399,0.897242444,0.710400638,1,0.212308835,0.398735338,0.204234561,0.515250273,0.415149964,0.522743052,0.878666069,0.693736431,0.814667612,0.312801733,0.359679499,0.216281656,0.433302696,0.712381681,0.65332745,0.687205235,0.222192742,0.72242897,0.250658339,0.417683241,0.644174808,0.04309627,-0.037002488,-0.186710009
X1,0.132510385,0.160551551,0.217966562,0.27370443,0.191184444,0.250520768,0.050490764,0.689470218,0.110516263,0.159112451,0.057091412,0.263255075,0.190747772,0.18604995,0.275576985,0.296426092,0.169063323,0.212308835,1,0.339488849,0.759964028,0.197716973,0.193499067,0.200901428,0.152590351,0.307362297,0.175949575,0.090315139,0.093606224,0.063534088,0.112011715,0.23564347,0.221813857,0.217624259,-0.012315289,0.078795151,0.080805417,0.049167291,0.044943903,-0.060969504,0.107629634,-0.089868368
X0.2,0.429401885,0.337659708,0.403822264,0.380659688,0.23980849,0.367857574,0.10827879,0.32083011,0.279516662,0.332157196,0.213441685,0.350052902,0.460208806,0.435493718,0.423021822,0.423575654,0.389117537,0.398735338,0.339488849,1,0.428039764,0.348716337,0.313788187,0.311729782,0.32437662,0.508269597,0.360941301,0.209352609,0.253540172,0.199454509,0.21289903,0.380114097,0.398131736,0.476645784,0.127396358,0.208737059,0.233592949,0.143249615,0.227472645,0.158976723,0.147636448,-0.266520087
X0.3,0.156833422,0.17228108,0.231369448,0.262693841,0.107513159,0.228497296,0.086487616,0.384711215,0.124582594,0.1719589,0.067779434,0.25574521,0.203344808,0.197732623,0.282577245,0.277240242,0.235763303,0.204234561,0.759964028,0.428039764,1,0.18146974,0.223577868,0.233817314,0.180913206,0.216774514,0.237313089,0.091296545,0.127312336,0.068692377,0.102136172,0.161983272,0.181766284,0.145445327,-0.010170599,0.115356646,0.09047877,0.050051532,0.063182739,-0.057057944,0.103421778,-0.183909314
X7,0.416645581,0.49881648,0.512280679,0.521975881,0.166412468,0.733990402,0.154174409,0.242692429,0.198858547,0.486704689,0.20752831,0.466050767,0.368501564,0.518566962,0.514694797,0.558872815,0.42464438,0.515250273,0.197716973,0.348716337,0.18146974,1,0.282381606,0.339075118,0.474791923,0.59506823,0.465738292,0.185870305,0.379259602,0.340031356,0.40921105,0.374070385,0.370293248,0.396759659,0.071596388,0.365800251,0.314276079,0.375257799,0.355513044,0.044871305,-0.030859349,-0.176548278
X0.4,0.382814511,0.379393452,0.414466063,0.420640859,0.113545607,0.377786594,0.115584136,0.214571525,0.160992469,0.388909152,0.135657566,0.439999946,0.419902118,0.428768877,0.459919773,0.476993058,0.426212989,0.415149964,0.193499067,0.313788187,0.223577868,0.282381606,1,0.378658778,0.393179971,0.38652186,0.369081479,0.17099098,0.234145127,0.132615504,0.187037727,0.298191467,0.319077254,0.324292877,0.013825684,0.238306281,0.144259561,0.164934842,0.259980869,0.057598513,-0.006122993,-0.119073774
X0.5,0.427897532,0.498678568,0.513487332,0.543976528,0.128527332,0.468176134,0.126057202,0.23647943,0.177611161,0.493011088,0.160900644,0.514172423,0.44270239,0.511478026,0.549360381,0.585721637,0.489310269,0.522743052,0.200901428,0.311729782,0.233817314,0.339075118,0.378658778,1,0.51033012,0.432561402,0.465212904,0.211322792,0.245338714,0.13440309,0.235270099,0.359725978,0.360039098,0.358801145,0.00725619,0.33598977,0.165731067,0.233549941,0.336650857,0.089179164,0.015755014,-0.159193432
X308,0.707701995,0.919672406,0.859669822,0.899910275,0.205914796,0.723695573,0.094419438,0.198091299,0.335097074,0.953482457,0.250175864,0.877298776,0.658795751,0.867719742,0.877791081,0.883272096,0.790092216,0.878666069,0.152590351,0.32437662,0.180913206,0.474791923,0.393179971,0.51033012,1,0.636052284,0.861991593,0.272060292,0.320950227,0.176296094,0.423435298,0.630771298,0.589806341,0.599321942,0.021749207,0.696797647,0.220963637,0.433651511,0.578849257,0.031929529,-0.049917937,-0.21021482
X116,0.541768175,0.672509741,0.722300743,0.704162181,0.296348772,0.627408768,0.214439174,0.349940381,0.293874314,0.672746544,0.228999091,0.642573287,0.559997572,0.712656478,0.708145389,0.703946203,0.578384107,0.693736431,0.307362297,0.508269597,0.216774514,0.59506823,0.38652186,0.432561402,0.636052284,1,0.606331219,0.275422359,0.560916171,0.500792193,0.589105862,0.569313422,0.545238898,0.602090937,0.050763786,0.472034516,0.487930355,0.487761056,0.505002473,0.077961547,-0.022940338,-0.197408768
X0.6,0.678093479,0.841519775,0.808780017,0.856682992,0.242645425,0.67959213,0.116542236,0.205351673,0.350402618,0.869592573,0.248192923,0.793670256,0.613708507,0.805869025,0.83158896,0.842366299,0.713600572,0.814667612,0.175949575,0.360941301,0.237313089,0.465738292,0.369081479,0.465212904,0.861991593,0.606331219,1,0.266399906,0.314504355,0.169945556,0.386412993,0.582403636,0.566882371,0.593825089,0.030232494,0.627539094,0.226398155,0.382367811,0.523266744,0.006911782,-0.066203947,-0.207080116
X0.7,0.276578253,0.32041647,0.33462147,0.323331613,0.057184095,0.25614333,0.074867934,0.101118941,0.142559061,0.300192565,0.09001985,0.284344768,0.307789489,0.329963984,0.326422322,0.320929942,0.286894053,0.312801733,0.090315139,0.209352609,0.091296545,0.185870305,0.17099098,0.211322792,0.272060292,0.275422359,0.266399906,1,0.153122371,0.120409543,0.13826188,0.279739395,0.281026843,0.278019172,0.006127142,0.168084309,0.136687043,0.155524001,0.189360945,0.028949227,-0.033024542,-0.073238991
X2,0.341650818,0.342757818,0.452217822,0.354859016,0.051270655,0.402956021,0.351759549,0.130874935,0.206837019,0.310692346,0.180158824,0.311465331,0.455218804,0.394503636,0.379496104,0.360162901,0.345110079,0.359679499,0.093606224,0.253540172,0.127312336,0.379259602,0.234145127,0.245338714,0.320950227,0.560916171,0.314504355,0.153122371,1,0.857927108,0.830166685,0.279295036,0.290463927,0.349610371,0.071196536,0.187112111,0.849189162,0.593239612,0.246229982,0.030473795,-0.016794622,-0.141339443
X158,0.201405583,0.196681637,0.288255972,0.196787675,0.038991602,0.300763123,0.364217313,0.086408335,0.119736179,0.176427565,0.110776606,0.182644178,0.260902438,0.233274971,0.211937408,0.206973623,0.198992869,0.216281656,0.063534088,0.199454509,0.068692377,0.340031356,0.132615504,0.13440309,0.176296094,0.500792193,0.169945556,0.120409543,0.857927108,1,0.883749851,0.203681692,0.196918329,0.228511821,0.058457317,0.114491157,0.91035407,0.718642816,0.146631378,0.021165304,0.00188031,-0.077858958
X74,0.314980012,0.431235412,0.471866157,0.42741687,0.061131003,0.472227022,0.341747306,0.127203402,0.184702164,0.418387299,0.133006475,0.380165667,0.334862661,0.417703219,0.411313138,0.421875688,0.329908024,0.433302696,0.112011715,0.21289903,0.102136172,0.40921105,0.187037727,0.235270099,0.423435298,0.589105862,0.386412993,0.13826188,0.830166685,0.883749851,1,0.328800966,0.308092794,0.315158353,0.021459338,0.35150435,0.840156811,0.773411491,0.276545412,0.016337825,-0.028550088,-0.123192349
X342,0.613890277,0.700421823,0.710920201,0.696039871,0.146499074,0.5380891,0.104571638,0.201623021,0.435848557,0.669200471,0.209966665,0.689598116,0.648571225,0.68107893,0.696426359,0.729585927,0.639105382,0.712381681,0.23564347,0.380114097,0.161983272,0.374070385,0.298191467,0.359725978,0.630771298,0.569313422,0.582403636,0.279739395,0.279295036,0.203681692,0.328800966,1,0.80406013,0.872364283,0.058392427,0.444300723,0.256604522,0.275571913,0.432011309,-0.004764959,0.023924328,0.019034589
X353,0.574457085,0.643048659,0.672682863,0.654528858,0.173643978,0.496179664,0.109877192,0.226910083,0.44591606,0.615374065,0.196102675,0.634703818,0.651736304,0.650802153,0.677684293,0.691806708,0.613420808,0.65332745,0.221813857,0.398131736,0.181766284,0.370293248,0.319077254,0.360039098,0.589806341,0.545238898,0.566882371,0.281026843,0.290463927,0.196918329,0.308092794,0.80406013,1,0.778806037,0.041322752,0.408524928,0.258887925,0.277882472,0.408853041,-0.001955018,-0.005485428,-0.043860677
X305,0.607768141,0.666861497,0.728294987,0.694051006,0.177504774,0.502186353,0.11346501,0.246902917,0.509986542,0.637392341,0.220672368,0.670883302,0.759698803,0.698925452,0.71310687,0.722001239,0.673656805,0.687205235,0.217624259,0.476645784,0.145445327,0.396759659,0.324292877,0.358801145,0.599321942,0.602090937,0.593825089,0.278019172,0.349610371,0.228511821,0.315158353,0.872364283,0.778806037,1,0.027091731,0.387893334,0.296660119,0.261493781,0.433315002,-0.015218753,-0.014805518,-0.003985867
X82,0.540578263,0.048296792,0.001479688,0.001496643,0.016987877,0.070819718,0.024037683,-0.019879193,0.02773024,0.017539474,0.691209458,0.011560823,0.018230896,0.112362067,0.015371978,0.025313597,0.015882866,0.222192742,-0.012315289,0.127396358,-0.010170599,0.071596388,0.013825684,0.00725619,0.021749207,0.050763786,0.030232494,0.006127142,0.071196536,0.058457317,0.021459338,0.058392427,0.041322752,0.027091731,1,0.020282349,0.057250996,-0.009972488,0.037623361,-0.053702654,-0.061366827,-0.113820074
X0.8,0.489196466,0.690058878,0.624698882,0.651227509,0.119192088,0.602096266,0.053603455,0.118531447,0.208797476,0.719596801,0.176830305,0.647308277,0.361761488,0.597077269,0.628521172,0.638775346,0.430940023,0.72242897,0.078795151,0.208737059,0.115356646,0.365800251,0.238306281,0.33598977,0.696797647,0.472034516,0.627539094,0.168084309,0.187112111,0.114491157,0.35150435,0.444300723,0.408524928,0.387893334,0.020282349,1,0.116006638,0.353620493,0.682764531,0.039275288,-0.031683045,-0.177319885
X25,0.260439616,0.220316523,0.317896826,0.224757682,0.045228363,0.305349511,0.334664939,0.103017551,0.257797261,0.202925912,0.099495605,0.221725536,0.351165603,0.267265841,0.248191119,0.253121451,0.263849176,0.250658339,0.080805417,0.233592949,0.09047877,0.314276079,0.144259561,0.165731067,0.220963637,0.487930355,0.226398155,0.136687043,0.849189162,0.91035407,0.840156811,0.256604522,0.258887925,0.296660119,0.057250996,0.116006638,1,0.622725824,0.14459179,0.011854834,-0.016077138,-0.086436009
X0.9,0.287964487,0.438376692,0.458570231,0.427099943,0.066909764,0.449544897,0.265251041,0.072891568,0.132482812,0.420265767,0.119558157,0.369448938,0.312432033,0.408811704,0.413072693,0.421804907,0.310436014,0.417683241,0.049167291,0.143249615,0.050051532,0.375257799,0.164934842,0.233549941,0.433651511,0.487761056,0.382367811,0.155524001,0.593239612,0.718642816,0.773411491,0.275571913,0.277882472,0.261493781,-0.009972488,0.353620493,0.622725824,1,0.283020596,0.118122612,-0.082813657,0.0304597
X0.10,0.496113258,0.628149979,0.627727702,0.595149093,0.14216638,0.540849169,0.104367769,0.114577906,0.386902341,0.595515258,0.179556583,0.567030396,0.468967361,0.560576897,0.607775747,0.582058977,0.393409919,0.644174808,0.044943903,0.227472645,0.063182739,0.355513044,0.259980869,0.336650857,0.578849257,0.505002473,0.523266744,0.189360945,0.246229982,0.146631378,0.276545412,0.432011309,0.408853041,0.433315002,0.037623361,0.682764531,0.14459179,0.283020596,1,0.070057991,0.034700464,-0.212505294
X1320,0.000884049,0.014212871,0.034910692,0.020711608,0.062999228,0.078582418,0.030741932,0.1099923,0.007121535,0.027088388,-0.014322067,0.017839231,0.056677727,0.026584032,0.020960265,0.03368888,0.021408404,0.04309627,-0.060969504,0.158976723,-0.057057944,0.044871305,0.057598513,0.089179164,0.031929529,0.077961547,0.006911782,0.028949227,0.030473795,0.021165304,0.016337825,-0.004764959,-0.001955018,-0.015218753,-0.053702654,0.039275288,0.011854834,0.118122612,0.070057991,1,-0.14409066,-0.034698001
X1367070,-0.072599731,-0.062052614,-0.035029334,-0.050600806,0.008376406,-0.012023926,0.004897533,0.030110847,-0.035224462,-0.05066811,-0.045001724,-0.046699141,-0.03991032,-0.058617752,-0.055518759,-0.048898872,-0.046703258,-0.037002488,0.107629634,0.147636448,0.103421778,-0.030859349,-0.006122993,0.015755014,-0.049917937,-0.022940338,-0.066203947,-0.033024542,-0.016794622,0.00188031,-0.028550088,0.023924328,-0.005485428,-0.014805518,-0.061366827,-0.031683045,-0.016077138,-0.082813657,0.034700464,-0.14409066,1,-0.161788946
Class,-0.22228896,-0.186069971,-0.202620861,-0.199781282,-0.063502664,-0.178243346,-0.063911081,-0.195914165,-0.101293614,-0.191892551,-0.12163703,-0.165931968,-0.141741791,-0.235787986,-0.225582021,-0.195279709,-0.172414269,-0.186710009,-0.089868368,-0.266520087,-0.183909314,-0.176548278,-0.119073774,-0.159193432,-0.21021482,-0.197408768,-0.207080116,-0.073238991,-0.141339443,-0.077858958,-0.123192349,0.019034589,-0.043860677,-0.003985867,-0.113820074,-0.177319885,-0.086436009,0.0304597,-0.212505294,-0.034698001,-0.161788946,1
