"","i","Class","X00.00","X00.10","X00.50","X00.80","X01.00","X04.00","X05.00","X08.00","X0c.00","X10.00","X20.00","X33.32","X41.00","X65.00","X65.72","X65.74","X69.6e","X6a.00","X6e.64","X73.00","X73.73","X73.74","X74.72","X80.00","ff.ff"
"idjesBrKybwkzPXMalUL.bytes","01azqd4InC7m9JpocGv5",9,9916,45,27,36,88,25,12,22,13,50,40,7,45,27,22,53,41,41,20,12,19,22,25,8,104
"i8WIr0dtVHSGMmwFlcUY.bytes","01IsoiSMh5gxyDYTl4CB",2,4672,141,66,41,209,183,49,56,44,145,59,5,40,31,15,39,9,30,11,13,20,12,13,43,216
"hZiVAw5nREjHU1qodatK.bytes","01jsnpXSAlgw6aPeDxrU",9,74327,59,52,78,102,84,28,25,28,58,127,15,44,112,25,33,13,58,19,59,9,12,14,13,926
"hrguW0CqMt2mJdfvX8IB.bytes","01kcPWA9K2BOxQeS5Rju",1,5338,10,129,28,43,36,9,47,25,30,14,6,5,24,28,33,17,107,9,9,9,10,13,6,121
"Hc5LqZVK2yzlsb8BEfdO.bytes","01SuzwMJEIXsK7A8dQbl",8,5990,84,61,206,336,175,62,110,54,115,205,8,30,61,18,47,18,60,11,32,9,12,6,197,137
"GkMBlvTidr5oyYOVJCwc.bytes","02IOCvYEy8mjiuAQHax3",6,8165,70,61,80,220,80,34,66,38,75,46,12,86,68,42,101,45,59,52,42,21,26,23,70,219
"GbTUXFYkMoafQSe1zN94.bytes","02JqQ7H3yEoD8viYWlmS",2,6196,49,69,96,211,207,279,93,40,55,56,14,43,61,41,83,24,85,35,29,32,31,22,75,4064
"gB105vrJPbcGCtuj7p4a.bytes","02K5GMYITj7bBoAisEmD",2,19230,134,78,153,282,158,38,193,40,143,119,10,76,67,36,30,16,110,14,29,21,17,14,142,528
"fyH8oWql4rg7tEJSLpIB.bytes","02mlBLHZTDFXGa7Nt6cr",6,3422,61,48,36,234,240,40,61,37,57,47,11,43,54,21,37,28,34,14,28,16,17,21,25,205
"FsirpP0oDwXeAzC2KndG.bytes","02MRILoE6rNhmt7FUi45",2,22785,18,165,21,86,106,16,35,25,39,16,5,795,186,23,58,30,235,22,55,8,20,19,6,431
"Fnda3PuqJT6Ep5vjOWCk.bytes","02zcUmKV16Lya5xqnPGB",2,7553,14,22,20,59,19,13,16,8,11,3,7,31,21,30,50,44,38,23,8,15,15,25,3,80
"FdiEeV3N8WtUSXjmcrxo.bytes","03nJaQV6K2ObICUmyWoR",6,4492,66,56,54,217,92,31,56,32,70,70,10,39,46,15,43,21,33,27,19,13,16,17,41,205
"F6nOrb9ipd0SskWuJjUw.bytes","04BfoQRA6XEshiNuI7pF",3,3563,33,87,108,107,120,37,42,30,50,77,13,106,131,37,89,45,61,47,49,28,26,39,71,253
"epLciPaHrTu1gl4CW7Uf.bytes","04cvLCVPqBMs6yn5xGlE",3,11303,32,54,48,163,142,19,44,41,26,33,8,18,44,17,34,11,62,6,29,9,8,11,38,256
"ei0C84XpoqcAS6v5ZExI.bytes","04EjIdbPV5e1XroFOpiN",1,5775,144,82,108,292,272,48,149,31,165,237,9,53,52,19,47,22,63,28,31,18,17,20,105,225
"EB0d2fJGLHam1tQCUDWu.bytes","04hSzLv5s2TDYPlcgpHB",8,4547,79,101,97,157,178,65,92,39,114,100,10,44,57,17,46,15,39,20,28,20,17,11,59,178
"e2r6IncxE1LQOKFGgphj.bytes","04mcPSei852tgIKUwTJr",9,6371,150,80,155,260,145,44,126,37,152,246,8,50,38,14,8,11,37,7,16,11,6,5,161,174
"dKcE7Q1zuFViSaDRUtxY.bytes","04QzZ3DVdPsEp9elLR65",3,11104,46,58,61,250,168,32,122,72,66,92,7,26,21,17,44,18,59,21,11,15,10,6,53,80
"Dj3FqX9IAHco2tG1UOZS.bytes","04sJnMaORYc1SV5pKjrP",3,10820,47,29,29,99,29,14,21,13,49,80,8,39,24,26,50,32,47,16,8,10,18,28,6,111
"DEyOUKzN2g8suv96eYoC.bytes","05aiMRw13bYWqZ8OHvjl",2,7099,42,47,38,206,96,21,62,44,64,140,13,41,75,26,39,14,58,10,49,14,12,7,31,86
"cYb4XuNSqOA9IFLHseG1.bytes","05EeG39MTRrI6VY21DPd",1,7497,11,131,36,61,45,12,52,27,30,19,9,7,27,29,33,20,110,11,10,9,11,18,12,123
"CRrAOvzk452LVZIGMWsq.bytes","05IXcWGxvnkto4sq17zZ",2,10792,95,102,127,250,129,53,118,61,108,123,13,38,50,15,46,25,43,19,23,14,12,12,89,307
"cIojVJGQOtrL0S1ApeDY.bytes","05Kps4iFw8mOLJZQrb1H",2,4901,116,101,88,205,150,60,128,34,123,192,10,57,48,39,77,28,50,36,30,29,21,14,68,203
"BKXtxeYlLsprabEWIQhn.bytes","05LHG8fR3iPn6agIo9z7",6,14324,912,51,77,303,55,31,45,40,144,84,8,39,46,44,33,45,363,22,31,17,30,23,31,2269
"bGPHZFpAL3N957064wzj.bytes","05rJTUWYAKNegBk2wE8X",1,4484,79,77,58,286,138,35,114,68,96,67,1,13,56,5,5,5,78,3,31,5,6,4,83,128
"B6dzEY3kKIn8me9McfGg.bytes","065EZhxgbLRSHsB87uIF",2,13538,129,65,215,545,218,57,192,56,139,127,10,22,22,13,11,4,52,3,23,4,3,4,215,494
"b59dlNEacoYUAyeR4Ipq.bytes","06aLOj8EUXMByS423sum",2,6462,16,25,30,66,22,8,11,10,13,6,6,46,22,22,50,37,35,16,6,16,17,19,5,97
"asKPnzUXjShMc0Tl6Wge.bytes","06arUi9q3wHS2C8RZxeB",3,4092,77,59,146,156,127,35,63,32,86,118,8,33,31,23,36,5,40,13,20,17,23,10,119,215
"AeCXyFRcU2SsgvVTpMzi.bytes","06KfrF7ltESna2ZHPVp5",3,14352,891,64,76,294,56,24,50,37,146,94,4,39,44,42,36,46,120,20,29,14,19,24,29,704
"8wm2jYBqV30okUMfuDCd.bytes","06osXqPUVM1HbvBGNncT",3,14072,165,60,214,273,153,64,173,39,139,162,10,62,69,11,23,4,72,9,39,20,10,2,207,961
"7cyYPthi5KmvXEs2NkRj.bytes","06QinlpeFIWj8qHc7Vys",2,14335,83,90,113,310,157,40,116,51,94,83,6,37,72,16,37,15,69,19,35,10,7,10,81,262
"5tMCNKDogQ2x7zwUbpcZ.bytes","07ECKjDTyQLnabNoxrIH",9,5530,55,67,94,122,137,39,78,29,55,89,18,40,168,20,49,22,90,15,47,15,18,17,93,231
"4ZBJzEqnW52fFUw0PG3v.bytes","07iSOIG2urUvsMl9E5Rn",2,2577,7,9,5,33,73,17,29,23,22,7,1,7,3,2,6,4,6,4,3,5,2,6,67,33
"4WaGm3PhidQVRopgXz7J.bytes","07nrG1cLKUPxjOlWMFiV",3,2773,14,15,8,12,7,2,18,24,35,30,4,13,7,5,13,5,16,5,4,7,14,8,3,25
"4vNDlExnr0y2mFXUgbz3.bytes","08BX5Slp2I1FraZWbc6j",6,1124,7,6,2,5,6,10,4,3,6,6,3,10,6,4,4,3,6,6,5,3,7,4,11,94
"4UTMdcZkxzLvwygO8EuK.bytes","09bfacpUzuBN5W3S8KTo",3,9293,44,27,21,83,26,17,30,7,48,40,7,33,32,36,52,42,48,29,13,23,16,28,7,90
"4suKxkVWNqFQZLB5UfXD.bytes","09CPNMYyQjSguFrE8UOf",6,3051,17,27,12,15,29,6,20,24,32,35,5,17,14,12,19,7,22,9,11,6,8,10,7,43
"4QCBDTJFskOqox0H8XIL.bytes","09LXtWxm1EbK5uVqcQS3",7,2595,14,16,13,21,15,5,6,27,22,17,6,14,8,9,15,6,20,6,8,4,9,3,4,21
"4j5ZXQI3ghezluq1snEp.bytes","09sXMJUHwQWVanrhzAoT",6,2073,13,13,14,87,14,10,5,27,24,244,3,20,150,3,4,2,11,4,122,6,1,4,6,18
"4GUJ7HBXO8I56WyRSMQd.bytes","0A32eTdBKayjCWhZqDOQ",2,2910,21,11,13,16,14,10,8,18,25,23,9,22,15,9,19,14,17,7,7,5,9,7,5,24
"4AuqM30HyOajgr8SleRL.bytes","0ACDbR5M3ZhBJajygTuf",7,3219,19,23,8,18,26,9,20,20,29,32,8,16,8,10,16,8,14,5,11,7,9,8,4,40
"4aMbnHlA9es8vKmOFR2Z.bytes","0AguvpOCcaf2myVDYFGb",8,1477,10,9,6,55,10,2,3,6,16,10,4,2,27,2,5,1,13,1,11,2,1,2,3,17
"4AGv29WBlocjZiPIKqsp.bytes","0akIgwhWHYm1dzsNqBFx",2,2422,16,10,11,15,11,5,10,24,29,16,6,15,10,9,18,12,16,7,10,6,8,8,7,23
"40KRbGeQZ8PwcUgt5joa.bytes","0aKlH1MRxLmv34QGhEJP",8,5120,52,66,72,238,104,46,80,47,54,158,10,103,55,44,112,43,52,53,29,27,29,32,59,223
"3zZpqyclD9B2v5Qas18m.bytes","0AnoOZDNbPXIr2MRBSCJ",1,13505,114,57,80,209,134,37,136,28,110,47,11,40,78,12,27,15,104,4,27,8,7,15,85,53
"3WhAuJ8OlUsk2XT0ImiK.bytes","0ASH2csN7k8jZyoRaqtn",2,2303,13,15,9,8,121,9,5,8,12,8,3,18,10,9,14,4,12,4,5,4,9,7,5,205
"3RiBw0ntobeCh5VEQrY1.bytes","0aSTGBVRXeJhx5OcpsgC",3,3192,15,30,10,14,18,2,24,18,26,40,3,15,14,11,13,4,13,7,5,4,7,6,3,45
"3Q8Wvm1ceyOhSajNdCUb.bytes","0aU7XWsr8RtN94jvo3lG",3,2396,19,15,11,11,13,8,25,24,37,27,5,13,13,10,21,9,18,8,9,7,7,6,5,31
"3OX0rbks7LQmeDcKx8C4.bytes","0AV6MPlrTWG4fYI7NBtQ",9,1834,12,12,5,52,12,5,5,7,13,13,3,4,26,2,3,2,13,2,13,2,1,2,3,22
"3nowFMmKJAkiNs8CaGVb.bytes","0aVNj3qFgEZI6Akf4Kuv",8,2196,10,11,9,12,111,6,4,8,11,3,4,12,9,6,14,6,13,6,3,4,5,7,6,143
"3m8kb5ILPrHcMC1o9Nht.bytes","0aVxkvmflEizUBG2rMT4",8,7535,42,36,48,96,73,10,63,27,53,97,10,21,60,10,20,11,106,8,25,8,4,7,42,152
"3hfRptP5gUEqDHlCkMYX.bytes","0AwWs42SUQ19mI7eDcTC",1,20198,122,30,1,5,1,2,1,2,3,1,3,7,7,5,35,4,1,3,5,3,3,9,1,2
"3ekS6OIvjTVhQsgrqiHo.bytes","0B2RwKm6dq9fjUWDNIOa",9,2323,14,19,17,79,18,12,8,28,29,245,7,32,161,9,15,12,19,6,126,7,10,6,12,26
"3d2x0BYR7aiJLfPNsbgo.bytes","0b5LqcWix3J4fGIEhXQu",7,2954,10,9,10,15,7,4,4,14,30,27,4,13,6,4,13,4,14,3,3,4,13,8,5,19
"35B8Vh0Q9k4STsiCtKx2.bytes","0BEsCP7NAUy8XmkenHWG",2,4186,3,1,43,33,19,12,18,8,14,9,3,13,7,4,19,10,7,11,1,4,2,2,43,303
"32rcXoa5QI1EmxBFS9he.bytes","0BFIPv1rO83whtpMYyAs",8,2240,5,16,8,34,88,23,22,25,20,2,5,12,4,7,5,4,3,5,3,3,2,5,98,28
"32r6nRhN1UCwtFTfy8ZG.bytes","0BIdbVDEgmPwjYF4xzir",7,43,5,3,6,6,4,6,6,3,5,4,4,3,2,6,5,5,2,4,1,4,5,7,7,1819
"30htxi8FRcmfUkInewlS.bytes","0bjN3Kgw5OATSreRmEdi",9,42,1,2,4,8,1,4,2,2,2,2,2,1,1,2,3,3,3,1,2,1,1,4,1,2212
"2ZY5e4PHsEAvkziQGFR6.bytes","0BKcmNv4iGY2hsVSaXJ6",3,2950,15,25,9,13,21,5,14,22,26,30,4,18,11,14,16,11,16,6,7,6,16,12,6,49
"2ZlLcMw4Vkim1pNYXj9v.bytes","0BLbmzJRkjNynCgQIdtV",3,4101,3,5,15,40,17,15,10,13,19,7,4,11,5,4,22,9,9,9,3,8,2,2,30,76
"2YNFrzjaecyUInXCDVmt.bytes","0bN6ODYWw2xeCQBn3tEg",2,1915,14,15,12,14,88,6,6,11,17,5,5,23,14,13,14,5,13,10,8,7,9,7,7,114
"2xlhAE5LO8RFfczB6ep3.bytes","0BY2iPso3bEmudlUzpfq",8,5758,3,6,151,34,13,14,9,15,16,7,4,8,7,4,21,9,19,9,3,3,3,2,162,152
"2XiGfo95mCALRbu6KzVY.bytes","0BZQIJak6Pu2tyAXfrzR",6,2268,17,17,15,41,16,8,7,13,30,249,4,30,157,4,12,6,15,5,127,5,4,4,10,20
"2WBAlcgeu4zZbTNy713v.bytes","0C4aVbN58O1nAigFJt9z",8,2776,17,10,16,11,10,8,5,22,28,27,5,15,12,9,17,4,21,13,6,9,7,7,6,24
"2vzlFiPL03STnwtDhoCU.bytes","0cdnSIvN489sFUwYlrMQ",3,2394,9,9,6,34,91,25,29,23,31,3,2,6,3,2,2,1,2,4,1,3,2,4,52,32
"2VhINMP4oKmsnjZkY38U.bytes","0cfGJLYgE6ROaZH7KT1h",3,2694,8,12,6,36,77,30,27,26,29,1,3,6,3,4,2,2,4,2,2,3,1,1,58,33
"2v1WwXSQbf3RrN4eTG8l.bytes","0cfIE39ihRNo2rkZOw5H",3,3393,1,6,8,32,24,12,13,13,20,7,4,12,10,5,22,10,11,8,2,3,3,2,3,152
"2UBy1ZDIiOxJHNnX35Mf.bytes","0cGWK6VvCkm7O2AxDjtw",3,3496,1,5,8,59,39,26,42,35,71,17,3,10,7,4,22,10,19,11,4,4,3,2,2,34
"2SRWXLQomgJyliq3G6BM.bytes","0cH8YeO15ZywEhPrJvmj",1,2096,11,11,10,8,108,7,7,9,16,11,6,14,12,7,17,10,16,14,3,8,6,3,5,155
"2r0UYLcKCxnRovpj5dlQ.bytes","0co46B8IkPt2UN3HSaw7",9,425850,1694,2039,2431,1593,2347,11,1999,3,1822,1603,16,80,97,240,229,118,10,92,72,42,218,146,1901,362
"2qSURceVYgQEhOFAdPXC.bytes","0CPaAXtyswrBq83D6VEg",9,40729,6,40,2,1,3,3,6,5,9,4,3,10,12,6,31,10,1,6,4,4,9,4,4,1
"2qAtoGOuMQZdmH3y7bEY.bytes","0Cq4wfhLrKBJiut1lYAZ",6,10963,128,74,161,324,212,66,270,54,141,160,6,37,61,24,49,11,60,15,42,17,7,13,151,188
"2pwjzv6eGEb8QmHPfxSc.bytes","0csgzpwdL3FbZEJu6DjO",3,7792,17,130,54,85,74,28,39,24,29,31,21,838,85,73,163,113,275,90,49,33,37,33,14,159
"2oMjFb1UfIym9ZgxDPqG.bytes","0cTu2bkefOAJqIhYUWFK",8,3381,1,5,8,59,37,28,36,33,73,17,3,11,9,5,22,10,10,11,4,3,3,2,2,35
"2nNeZpSmwzACDiljoXM0.bytes","0CzL6rfwaTqGOu9eghBt",3,2654,20,20,16,18,9,6,21,26,47,35,10,13,11,9,19,12,16,9,7,6,7,6,8,24
"2mYSX6J9Dd5lkpLuNMc8.bytes","0czUXKSCiGY2j5mxLdWa",9,2747,22,9,8,19,12,7,7,23,30,25,4,18,12,8,14,9,23,9,6,9,15,12,10,22
"2IOMPurW3V9GQcbh08jE.bytes","0D9IedmC1viTPugLRWX6",3,3900,1,2,9,34,15,11,8,14,21,7,2,8,7,3,23,8,17,7,4,3,3,1,14,60
"2icwOdb5xCshnIvMXfy4.bytes","0daTri9PSkeEsVHu5Dhw",3,2523,11,16,14,39,15,6,4,27,25,238,3,29,153,5,13,3,18,4,124,4,12,9,7,23
"2hwAeJRIM54fmCEaYdbn.bytes","0dauMIK4ATfybzqUgNLc",9,3632,4,8,33,69,22,16,17,16,13,5,2,7,12,2,19,33,14,11,3,4,4,3,27,1101
"2gwSoct3BzRUvajVeCLu.bytes","0DbLeKSoxu47wjqVHsi9",2,4833,2,3,196,34,19,10,11,15,14,9,3,7,6,5,24,8,6,8,4,3,3,3,231,182
"2g4C03AeqoZR6ctiF1Qr.bytes","0df4cbsTBCn1VGW8lQRv",6,2183,12,9,7,10,118,7,4,5,12,2,4,11,8,4,12,2,10,9,3,5,4,3,5,116
"2CfJMa5HIn6D1d9EXbpe.bytes","0dhL8Jvcswa7U1qHiDS5",9,2255,13,14,9,16,5,5,6,23,27,13,3,12,10,4,12,3,14,9,5,6,5,3,3,19
"2AiNV4msBIWd51whz9Xp.bytes","0Dk7Wd8MERu3b5rmQzCK",3,3203,4,8,7,34,18,16,12,20,10,7,5,20,15,5,23,10,27,9,9,3,3,2,5,32
"2aHfrLhcPTj5GnFZXUCN.bytes","0dkuzUXLTEFwW71vP5bS",3,6808,58,84,62,308,111,39,133,72,89,188,8,59,39,23,48,12,79,19,26,16,9,7,69,190
"28U1hRkQ6Yl57493ZdXD.bytes","0DM3hS6Gg2QVKb1fZydv",2,4098,2,4,51,32,20,13,22,11,7,9,3,10,7,4,24,11,11,10,3,4,3,1,49,1049
"25JcvPNOIBXgSrAEtpUy.bytes","0dnTixlMYzDUpsvEVrGc",2,3455,2,4,9,39,16,19,13,15,15,8,3,10,7,5,23,10,20,11,3,4,4,4,24,82
"21ORx5nk8fcZH4eWDImo.bytes","0DNVFKwYlcjO7bTfJ5p1",1,429345,2491,1858,2279,2421,2236,1891,1946,1976,1910,1380,25,60,123,235,224,96,9,53,44,47,78,94,1603,298
"1YSNBUsrXKc3hWq7IayR.bytes","0DqUX5rkg3IbMY6BLGCE",1,5180,1,6,8,31,16,17,12,9,22,9,5,7,7,3,24,11,20,12,2,3,3,2,6,416
"1yC7BzWHgtI2FibhQ0km.bytes","0DTp59Av1RLifoKlUdm7",2,2974,17,20,11,14,8,5,18,15,38,37,7,17,13,9,16,5,18,11,6,8,11,6,7,23
"1vhszDdnUVgZ9M5kRYQx.bytes","0DTs2PhZfCwEv7q8349K",3,4152,2,6,10,38,31,20,20,15,24,9,2,10,8,4,24,10,18,11,4,4,3,2,4,247
"1sVJGxyIi5AYblaRtu4e.bytes","0EAdHtLDypMcwjTFJziC",2,31646,85,191,79,264,293,39,215,62,51,842,11,53,705,110,120,69,122,48,494,72,95,89,118,1051
"1Skcwz5YxWihMqIyt30X.bytes","0eaNKwluUmkYdIvZ923c",1,2250,234,27,43,157,34,26,27,15,43,194,18,52,139,27,41,17,3,22,94,12,15,13,21,271
"1S9ui2XqltCJAOGUPw7v.bytes","0EL7OGZKozbiNCVP61gk",6,2578,13,8,10,12,8,1,8,14,26,26,6,13,9,5,14,3,13,12,4,5,4,6,5,21
"1rc8uNR5MiqVm6Do0xSH.bytes","0eN9lyQfwmTVk7C2ZoYp",7,40772,110,170,129,234,276,29,80,125,33,1214,12,83,1034,156,186,106,160,81,714,103,122,160,158,2773
"1R0pmNFb5znDi6aTVeZt.bytes","0Eo9qT6idXHDMebwmvPA",3,116037,530,321,370,983,854,850,885,339,334,726,33,349,586,37,44,38,306,25,466,18,25,27,338,37866
"1QuMnTw8zc3oWLSZ4KXt.bytes","0evDQX7AVfC1ZTJEKltg",3,3279,2,3,8,36,17,13,8,19,13,8,2,11,8,4,21,10,19,12,4,4,2,3,6,58
"1PQFYMSBLAO9TmKk2Zhj.bytes","0F4qIHaR7xOrm19Set3o",2,2750,14,14,9,13,6,6,4,14,20,20,7,18,9,7,14,3,12,9,2,5,4,3,3,24
"1Nu6CWGKlM4Xgi2x9a8H.bytes","0FdOaDWrfBU6TqwCRYxA",3,5276,283,32,176,283,82,57,84,16,53,581,27,71,392,36,45,25,6,27,245,20,17,25,129,673
"1nLqk0H5NYdR4OiJ6mob.bytes","0fGuCWgTraQ6nEmLPN8q",3,4504,3,3,10,41,24,13,16,13,15,7,4,11,7,5,20,10,16,11,3,3,2,2,14,44
"1NiArstKkEmMf0vjDd7l.bytes","0fhnXI9ESr4jgWmkiaTe",8,4126,4,6,7,38,14,15,12,9,23,13,4,12,8,4,23,10,10,9,3,4,2,2,3,123
"1MnbpHvF3KGLS49yARaJ.bytes","0fHVZKeTE6iRb1PIQ4au",1,5266,292,33,179,297,84,64,90,19,55,578,24,73,400,38,51,23,8,24,242,19,25,25,130,686
"1KjZ4An78sOytkzgRL0E.bytes","0FKerJl18xOc3jdoyg4A",2,4377,2,2,7,50,18,17,25,7,21,9,5,7,9,5,22,11,22,12,8,7,3,2,4,158
"1KCvMqIFUoaB6wfOc2xQ.bytes","0FOXjzmnD9CUMVcSlEqh",9,5724,1,4,121,42,19,10,10,14,16,7,2,9,8,2,21,9,14,10,4,4,3,2,152,54
"1KB3Z7gd5aN4Xmx8W0sf.bytes","0Fu9oETtMW4zlg1ZrUy6",3,8301,126,55,138,167,206,43,113,23,134,95,9,31,49,15,34,13,74,18,29,6,9,8,130,171
"1JuwbkFyUg7T6KfoNEjp.bytes","0fvnGU7dkbr8iEhZuMcP",2,5192,1,7,8,35,19,11,10,12,19,8,3,14,7,4,24,11,12,13,3,5,2,2,4,345
"1JPWLhrtsalBVpyGSKw5.bytes","0fxgjYEClPL1BDbcshzJ",3,4823,6,3,8,36,26,20,14,21,18,12,5,14,8,4,25,11,19,11,3,3,3,2,5,112
"1jinhWv67o4ODebAw5Q2.bytes","0G2RV1chBlIbkt6JqA5Q",2,4455,3,2,7,44,16,14,21,18,14,7,4,12,8,5,21,11,13,9,8,7,3,2,4,163
"1iWTJCzlSZgempU2xf04.bytes","0G4hwobLuAzvl1PWYfmd",1,4088,3,2,679,46,26,14,14,14,14,7,2,9,10,3,21,31,12,13,3,3,4,3,739,620
"1IpWLz6eyhVxDAfQMKEd.bytes","0GbMkYlNyt72OzBjIcVh",2,4054,60,72,67,115,91,23,386,48,79,104,7,71,76,46,99,47,43,49,42,28,32,25,40,213
"1IjdZ2HuarlMYEBFbTCK.bytes","0gCmlyxw2UJvX7SNOGqu",2,1992,221,17,14,132,28,25,10,13,33,8,31,38,32,25,44,17,6,23,10,16,17,13,11,239
"1i2SThtkCGEplHeoJxqI.bytes","0gcZkSFr7VnEmLPbTxUe",9,115632,558,360,369,978,869,888,846,349,344,718,30,357,562,36,42,35,277,30,444,21,24,29,306,37621
"1hzZA7JPylptLbxKYOmI.bytes","0gDsIvrylX5fPbG7cSBn",2,48078,126,175,119,196,171,166,174,185,190,126,8,298,196,78,105,56,170,36,140,25,43,45,138,258
"1HFt83wrBnSQu7cP2WZy.bytes","0gHs6DEouiCPAcmWFrTX",2,265908,846,1075,832,1708,1345,1501,1419,1440,1156,1134,18,2494,1366,83,187,77,1368,65,1471,133,50,38,1125,698
"1hcfvnSGMXEHU94egR3F.bytes","0giIqhw6e4mrHYzKFl8T",8,252379,907,843,747,1303,1030,1169,1129,1136,1145,1295,20,1012,1231,63,205,87,981,68,1207,101,49,38,963,498
"1h7nkscUw5lDurHXPE20.bytes","0gkj92oIleU4SYiCWpaM",1,156943,666,82,122,1299,130,35,77,59,191,42,23,86,64,41,67,41,150,32,27,24,41,30,75,1347
"1gx83bLB4PSsYIKCTlZt.bytes","0GKp9ZJclxTABMunIOD2",2,3898,15,7,12,85,7,66,4,6,13,3,4,13,7,7,10,4,35,4,5,5,4,2,6,826
"1GKhFnumAdIeykS3rZYi.bytes","0GKzFQ81IYXqUWkmfv26",3,5356,2,1,48,31,19,20,14,17,16,7,4,12,6,5,22,10,11,10,4,5,3,2,48,66
"1Flm7qajnOzdtwBZ29gL.bytes","0gL3h5G6CszBV7RSinjJ",2,4339,4,6,7,35,27,9,16,9,19,7,4,12,8,3,23,10,12,11,2,4,2,2,2,99
"1Fe4Dk5vSltEWj3Kpg97.bytes","0glscKoNakWL84EpunPe",3,103574,516,290,364,919,795,832,677,308,319,670,20,336,531,27,35,31,253,21,422,17,24,20,316,33237
"1FAxSngsym35phwROGl0.bytes","0gSm7QZu5x6MBvVzUncH",3,4937,6,6,8,31,20,17,15,14,19,9,2,11,8,3,24,10,17,10,7,4,3,1,4,115
"1FacC02JPfxSdXeD7MEw.bytes","0Gu4misTcKynQD2Ol1Jx",2,1351,9,15,5,59,10,3,4,5,15,11,3,6,25,1,6,2,10,2,12,2,1,3,3,17
"1eOaAY4fpV38LIdhxl95.bytes","0GUIi7xAlODwZ4YBenNM",2,2167,15,21,14,79,13,5,5,19,28,244,4,19,149,1,4,2,12,1,122,1,1,2,6,22
"1EDNRfXhHWl7txAOdycU.bytes","0gUpzkLVT73PCXx5WFRI",2,8750,205,109,33,245,105,98,199,63,206,78,5,100,69,51,55,18,74,21,40,12,14,19,50,858
"1d79vVgNkt4fMjQELaw3.bytes","0GuYe4J7oLwQ82xr3pWS",2,64020,237,21,39,162,35,25,26,11,47,188,23,49,137,24,44,20,9,22,89,15,13,13,24,348
"1cdtwSyhmiekLoH7OUEs.bytes","0GVcTdBQXWUJ2t7vjphN",3,2107,239,26,42,168,38,27,30,7,50,192,23,53,139,20,40,15,8,23,90,13,19,16,23,197
"1bL4yiwCUvSOg7tBJudf.bytes","0GvtWEPUBfDAcMbiYVSR",3,2318,14,12,8,15,106,2,9,7,21,6,9,15,8,9,15,9,18,7,5,6,17,12,6,152
"1aDvVlWtPApk6EuKLdCG.bytes","0gWUIudhwovMYb3NSnZA",9,7114,215,10,69,179,27,15,19,11,40,48,19,41,27,25,35,16,10,21,10,11,9,16,90,698
"1A7UqoIMrxHgVuW3FS9c.bytes","0gxJ1YmwFUvnOzoM8N53",2,68204,406,170,225,720,619,207,193,185,218,239,22,193,198,28,35,35,158,22,220,50,16,16,162,23897
"19hXQ2ODt6WvpEdxTGmo.bytes","0H5OFklQm7wAPfE1qaJY",8,46022,172,205,202,141,168,105,176,128,143,112,7,3073,155,61,131,79,122,48,177,30,27,20,162,347
"19Emlw3WgC2O4iJknVtP.bytes","0H63jydvIahOVqgx5Kfo",1,1326,222,16,14,125,31,28,12,10,28,12,25,36,25,20,48,15,8,21,12,16,12,17,9,212
"19B6wSHOLmjhGPoquTbW.bytes","0hAlkjTR1Q6PewMczavb",8,21888,260,48,53,195,63,52,49,53,66,55,13,70,100,18,29,9,51,15,55,8,12,10,47,6784
"198PdXRpGVZAzYxCrF0e.bytes","0hBIiRpkMZtoYj3lcDLa",2,11658,119,910,130,646,579,554,573,567,168,176,15,149,195,27,73,25,599,18,150,11,53,30,159,2477
"18te652nLyCi3IrZqMOJ.bytes","0HcZRmLi9VTpuQJCoXny",2,5545,1,2,121,31,19,17,12,12,16,8,2,10,8,4,24,9,12,11,4,4,2,2,152,58
"18S9URJgMWqua2TZevsh.bytes","0hH3JB2wM79lYdsyuK5N",3,4462,2,8,7,47,20,11,21,19,14,8,3,5,8,6,26,10,14,12,9,10,4,4,4,152
"17jNaPkYIgvUyw9HxC5D.bytes","0HICT7RtjaVQzcNOeMgS",2,29086,67,206,78,272,243,23,188,72,56,864,11,56,680,102,128,72,126,35,501,81,96,98,113,1040
"175ZU8ClOsnifz03ybcX.bytes","0HKFs3AXTt1IrOl52eVu",8,78607,1084,1130,634,5607,2252,1238,1547,595,3095,527,93,164,939,994,1266,991,1429,234,504,782,554,403,584,7059
"16KuXyrdDOCWGhc7P4kL.bytes","0HKM38fmCR5DrxoIkBnQ",2,1731,209,12,12,95,40,10,13,8,27,6,16,36,27,19,40,19,9,21,11,11,9,13,11,219
"15loeAHtkJa8BuFi6Zry.bytes","0Hlm4XgE1cQhC6BkMays",2,30938,139,352,380,2123,488,173,293,135,179,301,87,293,189,246,106,401,421,142,102,134,187,176,358,3587
"14lJRXiAchNqVFSOBLgb.bytes","0Hrfce4X5YGESJPjl9uL",1,48390,84,180,118,152,206,169,173,153,193,142,5,541,150,60,90,52,137,33,190,33,32,38,139,324
"148bgAqCj3NzaHwSP0Gu.bytes","0HVAnMrp1LjKDmuoOJFY",8,53452,1574,423,265,1761,341,640,1230,303,1489,507,17,122,406,52,57,21,188,31,293,21,24,30,323,1043
"13HkPY29CL8RzS0FOc5D.bytes","0hWRb28Umdgj7xcXOwtC",3,26706,672,84,75,1276,107,33,78,57,190,38,22,88,66,42,67,41,150,32,27,24,43,29,29,1264
"13FZ9DOhywk78sJiVULu.bytes","0hZEqJ5eMVjU21HAG7Ii",7,14255,112,968,127,569,734,6006,630,584,169,157,12,6018,154,20,54,21,576,25,156,13,42,31,163,2456
"12TEseaJ4jnbyORqKxhf.bytes","0hZqVRKkw7GfMdpalLiN",3,21527,133,131,137,286,181,135,115,124,150,221,14,104,128,33,16,14,106,11,108,6,9,25,138,765
"0ZTEyLXaWReMK3rYVCjv.bytes","0i4ENysvVrgFnbaHUuJK",3,22245,99,128,178,843,451,26,351,154,232,106,18,40,100,22,22,12,117,8,41,9,11,4,171,1244
"0zr6vIw74DgVSKXiRUY1.bytes","0I4ZVvngsAatm8fzD3pk",1,15315,3,104,32,237,49,30,5,4,7,3,7,1572,18,14,29,14,4,16,11,13,16,8,17,71
"0ZiQmgtxzHe9v5O8Lf2k.bytes","0iABvIkp3WHfgrJ79ymq",3,33396,931,206,1000,761,421,129,217,96,218,325,12,76,392,75,59,31,140,18,191,25,40,28,816,5362
"0ZHV6acpJ9KkAWPjEI71.bytes","0iBaz3krsQ8HuA7cGDSt",1,15058,145,154,130,360,170,66,98,66,137,288,10,257,267,49,44,39,99,19,122,18,18,32,114,1179
"0Zb69USnM3qafJTWHCpL.bytes","0icJrNnmPvDqVQkC3we1",3,15813,145,991,157,540,585,591,526,7872,143,130,8,119,144,28,59,29,565,25,141,12,31,30,111,2737
"0ZAJlqmphO4fjnVB6bMz.bytes","0IelgX5H2s14KutkEyNU",9,17069,4,104,31,229,47,30,8,8,4,3,7,1575,19,15,27,14,5,15,10,17,16,9,10,183
"0yvBxsufKXzM6CwpcSYU.bytes","0IMUKlZs1Sm8LpGRkWhT",3,46161,113,223,139,200,200,134,215,157,169,169,7,224,185,87,133,93,140,50,187,24,45,28,155,600
"0YRDpBU67WrqEugkXlnd.bytes","0iS3pwlgJco8XORD4TLq",1,44408,267,572,483,2164,270,127,1162,549,676,303,68,71,828,2052,3697,3634,1521,3600,293,1612,1622,683,293,3658
"0yn4gphuOYlPsCz5JGFM.bytes","0ItXlAUOhK8ZYdDf7HW4",8,17879,27,80,52,90,104,27,90,136,36,44,5,24,35,25,27,24,46,25,68,11,11,10,46,1802
"0YJRabHQ1reDxN3yjUCd.bytes","0Iv6U2hbcP1xeBitW5Oo",8,44575,568,690,1059,1105,818,534,868,572,645,753,5,1182,516,45,52,41,648,29,456,14,42,29,1000,981
"0yBQ5dAc2gN4qx9YWuiS.bytes","0iZTHuQ5KMb4RtAlrz6D",6,63468,634,615,543,3158,864,539,493,276,1411,394,34,147,246,346,282,238,421,145,122,109,203,123,378,7355
"0XrH26wcU1ASsvK5ZqhD.bytes","0J61YGoWjV25TzxeSluf",8,29182,73,199,93,418,164,21,33,12,44,789,8,260,964,38,32,37,16,35,406,24,32,12,28,994
"0XnPCouGZdhIKliOFQHr.bytes","0JAx9gzbC54Q61XBrqc7",9,20206,9,100,64,243,52,18,10,7,12,11,8,1574,18,15,31,17,4,15,8,16,18,9,67,320
"0Xm5sqBgQASUyFui2kbH.bytes","0jkmvR43UQ9yKxqXei61",1,43444,163,196,166,389,168,148,202,168,231,184,4,3591,154,30,41,37,163,27,144,15,16,20,145,405
"0xfjbVBPYX1pSt4rdWOe.bytes","0jKSsqXVHNucByZ9l6Ao",8,8988,1635,1434,2098,1748,1710,1558,1677,1491,2022,1713,5,1348,24,82,68,57,5,12,10,14,140,84,2234,357
"0X6U3SfcmbuZNodnH9qL.bytes","0JnvoeflBWwIcQa5GEPK",6,40426,150,120,408,1325,549,117,355,119,167,670,12,109,589,55,92,72,231,65,274,31,38,39,408,3549
"0x47zZTBynC21leohIEs.bytes","0KgE6ksUeytoHfl2cT4r",7,41456,144,168,147,237,170,151,165,163,206,175,7,160,143,29,49,37,172,18,143,15,20,20,146,272
"0wtIHxfBDmYRQ7GWSaTj.bytes","0KigmP9TLwJXNGz26tfO",1,15268,3,101,32,219,38,21,3,4,8,3,6,1571,20,16,28,16,4,15,9,13,16,10,16,71
"0wqQj9ngaAVxI4SLr5H7.bytes","0KZFcsOYR4MdPJf6VvGS",6,15329,4,102,32,236,45,29,6,4,6,4,6,1570,18,14,28,14,5,16,9,13,17,8,16,72
"0wkFafuhqSr1Z5J7K6C9.bytes","0l6fhCty3aSLDOgAjYQi",1,10660,20,22,82,222,119,43,51,24,42,173,5,31,656,176,10,11,8,7,286,29,7,5,55,4934
"0WdoYq78xDkFMcIwRpmJ.bytes","0LAXajqhQy7po16dw8Tx",7,100740,799,525,614,1485,4687,3235,889,468,802,444,1,274,4262,18,19,8,781,1,2637,8,4,7,337,88332
"0w2LlG4eiBfby9JIMZgS.bytes","0M7aSiE9csDzkmfKheVt",7,15378,4,103,32,244,48,34,5,5,7,3,7,1570,18,14,27,15,6,15,10,14,19,8,17,71
"0VnTurd7B4YsH63wUGJ2.bytes","0mgFnqeLAMr7jthUYRTv",8,1544,199,2,2,8,3,3,2,2,26,3,9,32,21,16,36,10,2,17,4,6,5,11,2,241
"0UYATSktwajsiO8LWpx2.bytes","0MmZ8j5pn2R3VG9wlxYi",6,20992,7,87,38,226,61,16,4,4,7,13,8,1401,17,17,30,23,4,19,6,16,16,15,8,804
"0uNkt6sirCnUWw175pjl.bytes","0MOorvEIRmZGhqQdc3TA",1,83630,275,1569,1345,5224,2883,1180,1549,666,538,449,35,735,656,608,458,408,726,164,370,77,290,142,335,30497
"0uLJEcpVlIWkTBeHZU4w.bytes","0NEsQlDGnUMg3Bew7R1A",1,17046,56,119,49,124,139,79,114,90,81,85,6,66,76,26,34,16,186,22,58,8,11,6,56,1591
"0uDV25KpjABxvQ1rXgzT.bytes","0njs7MJQObCY8ABgykiP",9,9502,11,54,14,175,24,21,15,11,23,12,28,45,29,45,38,20,113,27,23,13,27,17,11,77
"0u4QcXSNvYnMalOBCygH.bytes","0NXFnJyOEhBAISKfiU67",6,15957,8,66,37,215,46,14,8,4,5,4,6,1207,15,18,30,18,5,20,8,13,20,7,16,73
"0u3fjhzJ2ZMyAgKYkVF9.bytes","0nxrvcZJUBNGM8Vg4SRf",8,21460,39,41,50,928,457,335,168,67,73,188,6,33,435,43,53,39,16,22,245,3,16,22,21,1610
"0tZy7jgOKCIJslPRvrop.bytes","0NyfGXt8nmlK72Q9Irhs",1,52956,1516,401,256,1752,348,633,1139,367,1467,477,14,116,369,58,74,23,180,25,237,26,27,28,329,857
"0Tw8aQsVxMlZgFDPUm21.bytes","0NZT2sFp4JKXqYGC8Rna",9,15891,4,90,36,216,36,3,2,4,4,3,6,1403,18,19,30,22,5,19,8,14,15,17,16,76
"0TqZzRJOeno9NKpHIba5.bytes","0odUVkrjp2B1n8NDS6bR",1,45138,125,263,137,343,331,21,171,69,55,821,15,67,657,106,131,71,196,41,485,69,86,104,161,1124
"0sM6DQlxcP3oAfd9ZVBT.bytes","0Phtp2LVcsCFMKkGgmRH",9,20661,49,55,49,145,49,60,41,50,42,55,10,75,94,18,35,11,62,17,57,6,6,12,52,6427
"0sM2atqTo48GgnFwhQXu.bytes","0PlfqyKM1JtYZx2me5FU",7,117424,590,348,371,899,736,746,733,300,379,693,29,345,539,40,46,39,295,36,437,16,23,28,370,38350
"0sLBvJeYl5UkiRzV1atI.bytes","0pLrSeQMbqfCc2IZHUaO",8,77948,431,256,238,854,763,421,192,201,222,257,17,222,229,26,31,15,193,20,205,10,14,13,218,25035
"0SIqXMkDBWKE8s9pQaOv.bytes","0pqtVjvLk89PdYr5MwZO",9,19942,73,55,319,418,196,56,59,39,242,152,17,67,161,55,36,37,29,40,72,28,19,27,360,5804
"0SHsZKUkI2iN1Rw4be6E.bytes","0pTO4SVnWDehgUlYBAvq",1,15234,3,103,35,224,38,18,4,4,8,3,8,1570,20,16,28,15,5,17,11,15,17,8,16,74
"0sH5GdO3LpZwMbPaXjfN.bytes","0pXDqTLSebKWgaUOdnVE",9,18900,54,110,54,128,146,64,104,75,66,54,6,52,80,11,30,19,86,13,38,12,16,11,40,2008
"0SaYqdFRA5G7rfktjT63.bytes","0Q4ALVSRnlHUBjyOb1sw",8,24238,92,92,78,1041,285,227,178,141,109,270,4,74,48,144,94,158,5,78,20,29,59,43,443,1514
"0S7z4qxYTHPUDO8fgIyA.bytes","0q6eABpEHSbXlIzGh7jc",6,21215,984,66,261,336,181,61,84,29,248,246,6,54,129,73,53,35,51,13,58,13,25,21,288,1758
"0RlWbvBk9rEtVZ74KAen.bytes","0QIZ6hemJLErWdFlGnCc",9,29190,72,57,67,1236,301,163,167,110,186,80,9,30,43,60,43,18,9,30,24,9,31,36,359,2287
"0rgudc7PpbexCtBjNqWF.bytes","0qjuDC7Rhx9rHkLlItAp",5,15036,150,58,307,459,209,60,46,43,324,258,11,68,155,24,42,31,54,22,65,16,12,21,338,2228
"0rGlKyvn5Vo67RaDhPti.bytes","0QK142N5HoBntC7RydAh",8,15241,4,101,32,221,37,18,5,5,6,4,6,1570,19,16,28,18,6,17,10,16,17,10,16,71
"0Rgetc1wAfxlzHTGBOa7.bytes","0qPGt4cRVk9NoiJgubf2",4,20608,655,130,293,366,158,43,72,42,90,153,6,27,219,23,36,21,123,20,99,17,7,9,209,474
"0R3rxkTidWOuPI5MUbL6.bytes","0qpMX5CZU8mgD2kaRNVv",1,15220,4,102,32,222,37,18,4,4,6,3,6,1570,18,14,29,15,5,16,10,14,16,10,16,71
"0QWUChwNSFtlOjr45JpT.bytes","0qV43bnIcBDPF1WlG6tJ",9,39314,152,160,144,243,182,158,190,175,197,181,11,179,146,41,45,35,182,17,171,13,17,24,145,269
"0qV43bnIcBDPF1WlG6tJ.bytes","0QWUChwNSFtlOjr45JpT",9,12508,145,986,152,563,554,543,547,570,150,123,10,135,124,20,57,119,575,246,141,8,28,26,119,2343
"0qpMX5CZU8mgD2kaRNVv.bytes","0R3rxkTidWOuPI5MUbL6",8,16516,763,102,344,418,236,46,103,63,186,131,8,53,170,83,26,12,87,14,72,17,17,17,392,2615
"0qPGt4cRVk9NoiJgubf2.bytes","0Rgetc1wAfxlzHTGBOa7",1,1469,14,12,15,64,14,8,20,8,17,21,6,6,47,2,4,4,12,6,23,3,1,3,9,55
"0QK142N5HoBntC7RydAh.bytes","0rGlKyvn5Vo67RaDhPti",8,20915,6,64,40,212,73,22,9,4,9,14,7,1208,16,18,31,19,4,20,9,18,19,8,8,799
"0qjuDC7Rhx9rHkLlItAp.bytes","0rgudc7PpbexCtBjNqWF",1,5160,104,73,128,259,156,39,120,48,106,209,11,30,34,16,42,13,49,20,27,17,14,13,89,198
"0QIZ6hemJLErWdFlGnCc.bytes","0RlWbvBk9rEtVZ74KAen",8,105050,558,806,507,886,597,470,654,544,444,356,15,365,518,39,90,21,593,16,370,11,25,40,379,10550
"0q6eABpEHSbXlIzGh7jc.bytes","0S7z4qxYTHPUDO8fgIyA",1,22193,61,727,277,337,572,64,164,660,81,2030,17,310,2462,37,155,74,22,74,1316,33,37,38,500,3417
"0Q4ALVSRnlHUBjyOb1sw.bytes","0SaYqdFRA5G7rfktjT63",8,12913,41,44,526,525,1354,20,35,89,67,39,11,34,39,5,5,9,18,5,13,10,8,8,18,686
"0pXDqTLSebKWgaUOdnVE.bytes","0sH5GdO3LpZwMbPaXjfN",9,51475,157,177,109,170,176,157,180,173,195,199,9,264,170,61,99,54,160,38,163,34,42,23,146,347
"0pTO4SVnWDehgUlYBAvq.bytes","0SHsZKUkI2iN1Rw4be6E",8,30314,354,399,240,1722,608,163,263,266,662,177,11,37,202,430,570,441,333,100,85,34,342,523,184,3921
"0pqtVjvLk89PdYr5MwZO.bytes","0SIqXMkDBWKE8s9pQaOv",1,48658,106,187,101,168,190,137,198,181,192,134,11,264,190,78,121,90,177,41,168,36,34,31,138,420
"0pLrSeQMbqfCc2IZHUaO.bytes","0sLBvJeYl5UkiRzV1atI",6,20688,9,97,37,207,56,6,5,4,7,12,8,1412,15,22,24,18,7,18,10,19,20,8,10,794
"0PlfqyKM1JtYZx2me5FU.bytes","0sM2atqTo48GgnFwhQXu",6,5257,2,8,195,36,16,14,11,14,19,7,4,10,7,5,21,10,13,10,3,3,3,2,208,180
"0Phtp2LVcsCFMKkGgmRH.bytes","0sM6DQlxcP3oAfd9ZVBT",6,285222,1038,1323,898,1922,1332,1155,1220,1735,1316,1151,15,2795,1263,54,147,75,1556,66,1458,112,54,30,1129,824
"0odUVkrjp2B1n8NDS6bR.bytes","0TqZzRJOeno9NKpHIba5",6,38064,585,125,232,4661,1060,674,524,179,831,684,7,95,51,17,24,11,54,31,18,4,5,10,233,4471
"0NZT2sFp4JKXqYGC8Rna.bytes","0Tw8aQsVxMlZgFDPUm21",8,57564,106,190,123,178,172,156,165,153,171,157,12,206,212,77,159,59,135,51,165,30,38,33,138,373
"0NyfGXt8nmlK72Q9Irhs.bytes","0tZy7jgOKCIJslPRvrop",9,25751,143,182,384,2181,840,283,763,285,249,459,25,100,576,219,63,81,229,50,222,52,83,60,261,5805
"0nxrvcZJUBNGM8Vg4SRf.bytes","0u3fjhzJ2ZMyAgKYkVF9",8,20318,6,99,33,222,55,22,5,7,10,12,7,1570,18,17,28,15,5,16,8,14,16,8,8,799
"0NXFnJyOEhBAISKfiU67.bytes","0u4QcXSNvYnMalOBCygH",8,126658,9,20,8,60,12,19,12,6,6,12,19,31,28,20,29,26,43,33,13,25,27,12,5,23
"0njs7MJQObCY8ABgykiP.bytes","0uDV25KpjABxvQ1rXgzT",6,55717,147,296,139,734,167,191,200,184,197,154,15,345,269,109,178,80,158,71,165,34,67,43,133,614
"0NEsQlDGnUMg3Bew7R1A.bytes","0uLJEcpVlIWkTBeHZU4w",9,17454,46,89,339,229,177,26,52,34,66,168,7,54,172,54,36,24,47,20,78,18,20,26,275,1616
"0MOorvEIRmZGhqQdc3TA.bytes","0uNkt6sirCnUWw175pjl",1,17792,482,104,93,810,259,199,152,102,384,292,6,37,191,77,74,69,115,29,72,21,69,76,86,1945
"0MmZ8j5pn2R3VG9wlxYi.bytes","0UYATSktwajsiO8LWpx2",8,4250,258,33,73,240,62,63,47,18,49,513,18,65,352,31,43,28,11,29,260,14,13,22,41,731
"0mgFnqeLAMr7jthUYRTv.bytes","0VnTurd7B4YsH63wUGJ2",6,20359,6,100,33,231,75,28,6,6,9,12,6,1570,19,16,36,15,3,16,8,17,17,10,8,800
"0M7aSiE9csDzkmfKheVt.bytes","0w2LlG4eiBfby9JIMZgS",8,5140,1,6,49,26,18,15,8,17,18,8,3,10,7,5,21,10,13,12,4,6,4,4,48,119
"0LAXajqhQy7po16dw8Tx.bytes","0WdoYq78xDkFMcIwRpmJ",1,3676,2,5,8,40,19,12,13,12,18,9,3,10,8,3,20,10,14,12,4,4,3,2,2,209
"0l6fhCty3aSLDOgAjYQi.bytes","0wkFafuhqSr1Z5J7K6C9",8,11952,47,73,210,300,143,52,56,26,68,146,4,26,124,25,20,18,26,3,38,6,14,13,190,705
"0KZFcsOYR4MdPJf6VvGS.bytes","0wqQj9ngaAVxI4SLr5H7",8,15212,27,143,59,265,121,26,59,39,31,56,11,36,152,21,22,17,38,22,69,3,33,40,28,2326
"0KigmP9TLwJXNGz26tfO.bytes","0wtIHxfBDmYRQ7GWSaTj",8,31488,137,466,311,4561,1259,561,1374,545,417,342,1,64,18,7,9,1,786,4,10,1,30,14,489,4695
"0KgE6ksUeytoHfl2cT4r.bytes","0x47zZTBynC21leohIEs",9,3846,22,6,10,46,24,13,27,6,18,7,2,11,8,4,22,9,11,11,4,5,3,2,5,32
"0JnvoeflBWwIcQa5GEPK.bytes","0X6U3SfcmbuZNodnH9qL",1,20654,252,48,53,113,56,45,48,110,74,65,9,70,155,19,30,11,49,18,56,7,10,11,47,5987
"0jKSsqXVHNucByZ9l6Ao.bytes","0xfjbVBPYX1pSt4rdWOe",7,15924,5,91,36,215,35,3,2,4,4,4,6,1402,19,19,29,20,4,17,7,13,16,18,15,76
"0jkmvR43UQ9yKxqXei61.bytes","0Xm5sqBgQASUyFui2kbH",9,87941,717,993,737,5642,2908,709,1694,1399,2097,1197,69,151,786,275,223,285,1685,139,525,111,147,133,519,23227
"0JAx9gzbC54Q61XBrqc7.bytes","0XnPCouGZdhIKliOFQHr",8,8778,16,145,14,104,98,85,88,73,35,29,6,24,1422,51,299,17,87,15,26,8,15,11,12,1054
"0J61YGoWjV25TzxeSluf.bytes","0XrH26wcU1ASsvK5ZqhD",8,15961,4,90,36,221,48,10,8,3,5,4,6,1401,17,19,30,21,4,18,7,12,16,15,16,76
"0iZTHuQ5KMb4RtAlrz6D.bytes","0yBQ5dAc2gN4qx9YWuiS",1,11812,20,23,58,141,55,17,16,8,15,17,10,25,14,11,12,19,39,14,11,42,24,10,93,1961
"0Iv6U2hbcP1xeBitW5Oo.bytes","0YJRabHQ1reDxN3yjUCd",7,20989,40,79,128,446,171,44,123,74,68,430,3,88,61,14,16,11,2,9,64,5,10,12,142,766
"0ItXlAUOhK8ZYdDf7HW4.bytes","0yn4gphuOYlPsCz5JGFM",9,20297,6,98,35,222,55,22,5,4,10,13,7,1571,18,17,34,17,3,16,9,14,18,9,9,800
"0iS3pwlgJco8XORD4TLq.bytes","0YRDpBU67WrqEugkXlnd",1,11074,43,72,193,276,123,64,53,29,68,133,8,23,120,27,34,26,39,9,47,11,13,14,184,714
"0IMUKlZs1Sm8LpGRkWhT.bytes","0yvBxsufKXzM6CwpcSYU",9,6053,25,36,26,125,35,52,12,15,20,33,15,26,31,11,39,24,51,31,27,21,19,22,17,225
"0IelgX5H2s14KutkEyNU.bytes","0ZAJlqmphO4fjnVB6bMz",8,10132,10,131,25,110,111,84,119,88,36,17,4,13,44,17,27,3,94,5,25,5,8,2,23,1013
"0icJrNnmPvDqVQkC3we1.bytes","0Zb69USnM3qafJTWHCpL",9,6072,23,34,24,118,43,60,18,11,21,26,18,35,29,13,31,25,65,20,14,17,19,11,14,199
"0iBaz3krsQ8HuA7cGDSt.bytes","0ZHV6acpJ9KkAWPjEI71",1,22387,67,171,333,554,267,87,88,48,116,775,7,56,654,185,83,150,76,37,249,29,188,97,248,2298
"0iABvIkp3WHfgrJ79ymq.bytes","0ZiQmgtxzHe9v5O8Lf2k",1,2474,10,31,11,42,12,9,14,18,12,9,13,37,16,12,22,17,56,16,15,11,13,21,9,68
"0I4ZVvngsAatm8fzD3pk.bytes","0zr6vIw74DgVSKXiRUY1",8,28164,171,122,314,749,514,83,212,71,249,333,29,144,253,238,217,224,205,58,169,32,133,55,129,5203
"0i4ENysvVrgFnbaHUuJK.bytes","0ZTEyLXaWReMK3rYVCjv",1,6231,24,12,26,106,39,69,18,17,20,30,14,31,27,19,37,26,55,29,16,13,11,26,12,190
"0hZqVRKkw7GfMdpalLiN.bytes","12TEseaJ4jnbyORqKxhf",1,3861,24,32,23,53,26,32,117,11,15,23,9,22,24,15,26,16,52,24,13,19,14,10,15,76
"0hZEqJ5eMVjU21HAG7Ii.bytes","13FZ9DOhywk78sJiVULu",9,5217,2,3,9,34,19,14,18,11,13,7,4,11,7,5,24,9,10,10,3,3,3,2,4,345
"0hWRb28Umdgj7xcXOwtC.bytes","13HkPY29CL8RzS0FOc5D",6,6399,21,27,24,148,46,57,21,11,27,25,21,31,25,10,35,26,63,29,19,16,20,24,16,206
"0HVAnMrp1LjKDmuoOJFY.bytes","148bgAqCj3NzaHwSP0Gu",9,20963,7,88,37,217,54,8,4,5,8,13,8,1403,17,20,34,20,3,17,7,13,16,17,7,804
"0Hrfce4X5YGESJPjl9uL.bytes","14lJRXiAchNqVFSOBLgb",9,192086,377,1369,1181,8864,5782,2238,3521,1903,987,588,38,201,1534,321,375,357,3724,214,675,119,232,270,812,18507
"0Hlm4XgE1cQhC6BkMays.bytes","15loeAHtkJa8BuFi6Zry",1,24064,452,100,404,1169,549,262,137,80,470,620,8,192,28,27,33,43,120,19,29,11,19,8,120,9468
"0HKM38fmCR5DrxoIkBnQ.bytes","16KuXyrdDOCWGhc7P4kL",6,29475,459,207,340,979,412,159,290,165,553,563,108,252,93,59,20,59,292,11,54,14,67,40,216,4641
"0HKFs3AXTt1IrOl52eVu.bytes","175ZU8ClOsnifz03ybcX",1,20866,6,64,41,207,60,16,7,4,9,14,5,1207,16,18,31,21,3,20,7,17,19,7,8,799
"0HICT7RtjaVQzcNOeMgS.bytes","17jNaPkYIgvUyw9HxC5D",6,7810,115,88,127,377,263,40,124,53,152,133,16,50,40,64,70,59,121,26,21,24,52,46,60,2401
"0hH3JB2wM79lYdsyuK5N.bytes","18S9URJgMWqua2TZevsh",7,5861,19,20,26,130,43,66,24,7,19,19,20,32,34,10,22,17,62,16,15,17,27,15,11,179
"0HcZRmLi9VTpuQJCoXny.bytes","18te652nLyCi3IrZqMOJ",7,22008,439,110,155,889,467,157,167,158,493,540,7,790,2336,48,1783,53,141,21,33,24,50,34,76,9004
"0hBIiRpkMZtoYj3lcDLa.bytes","198PdXRpGVZAzYxCrF0e",9,18117,379,31,39,678,336,44,49,44,393,524,7,30,28,29,40,58,47,35,10,15,21,12,13,7379
"0hAlkjTR1Q6PewMczavb.bytes","19B6wSHOLmjhGPoquTbW",6,21788,29,21,206,381,92,34,48,28,104,48,6,35,81,64,55,73,3,55,38,17,44,35,198,557
"0H63jydvIahOVqgx5Kfo.bytes","19Emlw3WgC2O4iJknVtP",6,40371,237,712,1165,3459,2253,2075,838,281,312,774,33,1234,555,315,291,349,1006,206,345,103,234,192,513,10503
"0H5OFklQm7wAPfE1qaJY.bytes","19hXQ2ODt6WvpEdxTGmo",9,15237,3,101,33,222,36,18,4,6,7,5,6,1570,18,16,28,15,5,16,9,14,17,8,16,71
"0gxJ1YmwFUvnOzoM8N53.bytes","1A7UqoIMrxHgVuW3FS9c",6,16641,392,115,102,663,373,106,122,117,409,507,4,12,22,61,45,45,126,22,9,17,55,43,76,4767
"0gWUIudhwovMYb3NSnZA.bytes","1aDvVlWtPApk6EuKLdCG",6,106921,412,744,404,786,716,627,789,1192,523,499,14,502,497,30,74,25,642,31,445,14,36,33,510,11351
"0GvtWEPUBfDAcMbiYVSR.bytes","1bL4yiwCUvSOg7tBJudf",4,5431,20,28,24,93,34,56,17,8,18,29,18,37,28,4,40,26,52,28,21,16,15,16,11,65
"0GVcTdBQXWUJ2t7vjphN.bytes","1cdtwSyhmiekLoH7OUEs",6,6338,41,36,37,116,37,56,33,24,27,46,36,44,45,30,38,42,92,46,27,32,22,27,19,90
"0GuYe4J7oLwQ82xr3pWS.bytes","1d79vVgNkt4fMjQELaw3",6,17319,1008,703,678,1386,545,293,308,345,884,1109,444,173,43,50,67,90,361,53,631,23,62,45,308,1782
"0gUpzkLVT73PCXx5WFRI.bytes","1EDNRfXhHWl7txAOdycU",9,19948,392,58,122,781,5498,46,82,54,427,519,5,176,21,26,42,51,58,19,13,11,17,10,44,5146
"0GUIi7xAlODwZ4YBenNM.bytes","1eOaAY4fpV38LIdhxl95",4,13072,151,125,33,232,130,12,112,121,178,51,179,17,14,22,35,22,144,12,9,7,10,13,11,502
"0Gu4misTcKynQD2Ol1Jx.bytes","1FacC02JPfxSdXeD7MEw",4,20646,396,63,148,833,400,34,2240,52,416,518,11,81,55,61,109,86,75,57,30,28,67,50,62,5374
"0gSm7QZu5x6MBvVzUncH.bytes","1FAxSngsym35phwROGl0",7,6340,25,31,31,97,32,55,9,10,18,22,13,28,30,16,30,20,48,22,17,18,15,12,17,72
"0glscKoNakWL84EpunPe.bytes","1Fe4Dk5vSltEWj3Kpg97",6,3284,10,26,17,87,26,35,21,14,16,18,10,22,21,14,19,14,58,16,13,10,8,15,10,83
"0gL3h5G6CszBV7RSinjJ.bytes","1Flm7qajnOzdtwBZ29gL",7,18946,363,39,101,765,308,25,57,27,407,531,7,33,32,27,57,50,57,32,14,18,19,14,33,2655
"0GKzFQ81IYXqUWkmfv26.bytes","1GKhFnumAdIeykS3rZYi",7,6170,19,20,28,112,40,62,18,10,13,33,25,31,28,16,40,26,64,28,14,14,15,16,22,210
"0GKp9ZJclxTABMunIOD2.bytes","1gx83bLB4PSsYIKCTlZt",4,29381,532,190,351,1111,447,145,306,155,611,630,85,242,101,55,22,61,286,11,68,15,65,48,214,4866
"0gkj92oIleU4SYiCWpaM.bytes","1h7nkscUw5lDurHXPE20",6,12137,410,89,53,298,115,175,44,55,56,24,3,16,66,20,34,23,75,15,24,20,37,7,54,249
"0giIqhw6e4mrHYzKFl8T.bytes","1hcfvnSGMXEHU94egR3F",9,20380,6,98,34,234,63,31,7,8,13,12,6,1571,19,15,29,15,3,15,8,13,16,8,11,800
"0gHs6DEouiCPAcmWFrTX.bytes","1HFt83wrBnSQu7cP2WZy",9,19201,428,43,144,744,367,43,85,52,436,516,8,155,28,28,39,39,68,24,16,12,22,10,61,5837
"0gDsIvrylX5fPbG7cSBn.bytes","1hzZA7JPylptLbxKYOmI",9,10105,178,107,130,430,149,111,325,70,183,152,16,55,63,92,80,106,131,31,44,29,75,47,73,2493
"0gcZkSFr7VnEmLPbTxUe.bytes","1i2SThtkCGEplHeoJxqI",6,14107,183,978,165,587,525,570,555,519,122,141,12,130,133,32,62,15,554,14,119,13,36,34,145,2233
"0gCmlyxw2UJvX7SNOGqu.bytes","1IjdZ2HuarlMYEBFbTCK",6,20383,374,72,134,868,364,25,115,49,411,549,11,75,55,58,100,86,75,48,29,31,110,52,55,3107
"0GbMkYlNyt72OzBjIcVh.bytes","1IpWLz6eyhVxDAfQMKEd",5,10408,182,68,141,440,325,102,319,75,196,142,21,72,69,95,84,108,310,33,42,32,74,51,73,3108
"0G4hwobLuAzvl1PWYfmd.bytes","1iWTJCzlSZgempU2xf04",7,120680,387,1150,799,4132,2174,462,1392,789,679,2022,23,1438,1419,178,199,361,2041,162,1173,98,150,182,696,14204
"0G2RV1chBlIbkt6JqA5Q.bytes","1jinhWv67o4ODebAw5Q2",7,17244,970,419,314,1132,651,435,392,375,936,1098,523,18,22,42,44,44,374,15,10,19,49,34,302,7857
"0fxgjYEClPL1BDbcshzJ.bytes","1JPWLhrtsalBVpyGSKw5",7,5590,32,34,38,95,45,62,24,24,42,34,28,32,38,26,40,34,59,30,18,26,30,30,39,66
"0fvnGU7dkbr8iEhZuMcP.bytes","1JuwbkFyUg7T6KfoNEjp",7,26962,597,169,438,1147,642,223,469,186,613,637,6,313,60,75,51,67,195,21,63,30,59,37,219,11792
"0Fu9oETtMW4zlg1ZrUy6.bytes","1KB3Z7gd5aN4Xmx8W0sf",5,5474,31,21,30,99,56,85,31,17,20,34,32,46,30,24,50,34,60,44,18,28,26,28,35,86
"0FOXjzmnD9CUMVcSlEqh.bytes","1KCvMqIFUoaB6wfOc2xQ",7,42506,157,203,130,277,191,131,190,168,193,178,6,183,136,25,44,40,155,20,122,12,17,20,155,346
"0FKerJl18xOc3jdoyg4A.bytes","1KjZ4An78sOytkzgRL0E",7,16718,329,46,129,644,306,27,133,97,434,433,97,183,51,60,77,66,96,36,11,24,65,42,48,7118
"0fHVZKeTE6iRb1PIQ4au.bytes","1MnbpHvF3KGLS49yARaJ",6,68957,435,274,551,2300,1043,160,441,256,890,687,28,148,612,268,282,155,320,71,177,62,159,81,415,9780
"0fhnXI9ESr4jgWmkiaTe.bytes","1NiArstKkEmMf0vjDd7l",7,20372,7,98,33,229,61,29,10,5,9,12,9,1570,20,16,34,15,3,16,8,16,18,10,9,799
"0fGuCWgTraQ6nEmLPN8q.bytes","1nLqk0H5NYdR4OiJ6mob",7,6004,15,31,29,116,54,61,17,12,21,25,18,34,28,17,34,27,51,22,15,14,22,25,12,179
"0FdOaDWrfBU6TqwCRYxA.bytes","1Nu6CWGKlM4Xgi2x9a8H",6,4061,26,23,22,58,19,36,14,13,17,18,9,23,30,10,28,20,52,16,18,12,9,21,12,73
"0F4qIHaR7xOrm19Set3o.bytes","1PQFYMSBLAO9TmKk2Zhj",4,17805,794,261,448,1018,567,274,581,279,766,1020,169,33,30,43,51,45,348,16,21,17,49,164,394,4376
"0evDQX7AVfC1ZTJEKltg.bytes","1QuMnTw8zc3oWLSZ4KXt",7,6499,22,23,35,97,36,58,21,12,21,26,12,37,29,13,32,31,49,28,21,18,19,22,12,102
"0Eo9qT6idXHDMebwmvPA.bytes","1R0pmNFb5znDi6aTVeZt",6,6149,27,22,33,116,36,70,17,17,18,28,25,34,26,15,35,23,61,28,17,19,20,21,12,178
"0eN9lyQfwmTVk7C2ZoYp.bytes","1rc8uNR5MiqVm6Do0xSH",6,4923,1,3,7,38,22,13,10,21,11,9,3,10,6,5,23,8,9,9,4,4,3,3,2,63
"0EL7OGZKozbiNCVP61gk.bytes","1S9ui2XqltCJAOGUPw7v",4,117839,548,360,386,1032,881,818,883,333,338,710,28,381,578,36,42,36,310,26,433,17,23,28,354,38568
"0eaNKwluUmkYdIvZ923c.bytes","1Skcwz5YxWihMqIyt30X",6,45044,555,283,230,2609,519,163,288,117,1193,363,32,47,120,109,43,126,539,59,58,32,112,24,398,2238
"0EAdHtLDypMcwjTFJziC.bytes","1sVJGxyIi5AYblaRtu4e",6,16937,1048,906,514,1696,700,530,646,1497,1108,1051,407,14,37,43,38,45,437,15,49,18,48,33,372,8503
"0DTs2PhZfCwEv7q8349K.bytes","1vhszDdnUVgZ9M5kRYQx",7,6230,23,26,28,122,33,47,13,13,17,25,15,33,27,16,34,26,55,22,15,17,24,18,11,101
"0DTp59Av1RLifoKlUdm7.bytes","1yC7BzWHgtI2FibhQ0km",4,29619,529,194,343,1099,433,145,285,168,587,525,108,254,97,55,19,61,261,10,61,16,65,40,240,5347
"0DqUX5rkg3IbMY6BLGCE.bytes","1YSNBUsrXKc3hWq7IayR",7,22975,435,148,265,721,225,65,124,87,302,225,15,66,135,44,46,40,128,26,52,19,22,35,178,1400
"0DNVFKwYlcjO7bTfJ5p1.bytes","21ORx5nk8fcZH4eWDImo",7,32628,398,105,399,790,310,94,167,77,412,321,7,30,223,78,69,73,205,21,95,27,73,65,286,4301
"0dnTixlMYzDUpsvEVrGc.bytes","25JcvPNOIBXgSrAEtpUy",7,17869,1145,394,450,1893,738,405,438,480,1188,1325,423,23,48,50,62,58,604,28,19,26,61,35,333,5569
"0DM3hS6Gg2QVKb1fZydv.bytes","28U1hRkQ6Yl57493ZdXD",7,27920,6294,5929,5183,7234,10450,5372,4016,4345,5506,5447,8,63,53,36,85,69,4051,44,17,26,26,22,4489,9031
"0dkuzUXLTEFwW71vP5bS.bytes","2aHfrLhcPTj5GnFZXUCN",5,5776,20,21,30,84,35,50,12,5,18,28,17,25,18,17,39,31,26,26,15,24,27,21,11,48
"0Dk7Wd8MERu3b5rmQzCK.bytes","2AiNV4msBIWd51whz9Xp",7,5711,22,19,32,68,33,47,18,5,21,28,17,35,21,13,34,28,25,33,15,14,24,9,9,78
"0dhL8Jvcswa7U1qHiDS5.bytes","2CfJMa5HIn6D1d9EXbpe",4,44382,128,250,128,199,190,177,187,160,173,148,13,374,231,81,177,74,151,61,179,47,44,51,143,429
"0df4cbsTBCn1VGW8lQRv.bytes","2g4C03AeqoZR6ctiF1Qr",4,6465,3,19,2,58,8,7,3,4,3,3,10,21,14,7,18,12,37,12,5,13,12,10,3,16
"0DbLeKSoxu47wjqVHsi9.bytes","2gwSoct3BzRUvajVeCLu",7,10781,180,65,139,442,314,107,319,75,207,142,20,69,69,100,85,110,320,33,51,30,72,51,71,3107
"0dauMIK4ATfybzqUgNLc.bytes","2hwAeJRIM54fmCEaYdbn",7,58204,135,176,129,180,186,165,186,203,205,119,6,262,179,85,90,79,163,40,168,43,31,24,188,416
"0daTri9PSkeEsVHu5Dhw.bytes","2icwOdb5xCshnIvMXfy4",4,2894,9,29,10,48,16,16,130,15,12,10,9,16,19,11,20,16,66,22,18,14,11,15,8,66
"0D9IedmC1viTPugLRWX6.bytes","2IOMPurW3V9GQcbh08jE",7,5989,24,26,30,116,50,72,23,11,12,26,19,51,26,11,36,25,45,30,22,20,21,24,17,190
"0czUXKSCiGY2j5mxLdWa.bytes","2mYSX6J9Dd5lkpLuNMc8",4,41705,145,180,143,267,162,177,168,158,205,169,8,178,165,41,48,39,175,23,165,14,14,20,155,325
"0CzL6rfwaTqGOu9eghBt.bytes","2nNeZpSmwzACDiljoXM0",4,4042,16,23,18,59,21,32,15,7,13,13,13,17,21,12,30,21,59,25,13,13,13,16,10,66
"0cTu2bkefOAJqIhYUWFK.bytes","2oMjFb1UfIym9ZgxDPqG",7,31416,21,101,46,159,162,72,19,15,16,3620,5,133,1042,36,99,48,34,38,640,16,22,24,11,413
"0csgzpwdL3FbZEJu6DjO.bytes","2pwjzv6eGEb8QmHPfxSc",5,2668,15,28,10,41,10,20,114,13,16,14,13,28,20,15,28,16,43,14,13,17,12,16,17,79
"0Cq4wfhLrKBJiut1lYAZ.bytes","2qAtoGOuMQZdmH3y7bEY",5,97576,264,264,384,977,790,775,265,343,257,309,10,311,269,23,15,12,228,14,250,13,11,6,322,31382
"0CPaAXtyswrBq83D6VEg.bytes","2qSURceVYgQEhOFAdPXC",4,299487,1201,1584,867,1880,1536,1404,1201,1172,1544,1186,8,2860,1166,67,124,74,1347,63,1320,121,37,38,1131,869
"0co46B8IkPt2UN3HSaw7.bytes","2r0UYLcKCxnRovpj5dlQ",7,8465,204,95,29,244,92,82,179,67,187,73,6,113,66,49,52,13,111,15,51,11,13,17,34,861
"0cH8YeO15ZywEhPrJvmj.bytes","2SRWXLQomgJyliq3G6BM",4,11002,44,72,189,266,93,54,46,32,76,122,3,28,108,34,23,11,20,4,41,6,9,13,159,760
"0cGWK6VvCkm7O2AxDjtw.bytes","2UBy1ZDIiOxJHNnX35Mf",7,2227,15,13,9,18,13,14,13,5,16,7,13,25,16,15,15,14,17,19,11,11,17,15,14,21
"0cfIE39ihRNo2rkZOw5H.bytes","2v1WwXSQbf3RrN4eTG8l",7,5002,19,31,30,102,49,57,15,9,14,22,16,23,28,15,36,20,46,26,23,14,16,14,18,71
"0cfGJLYgE6ROaZH7KT1h.bytes","2VhINMP4oKmsnjZkY38U",4,2984,85,67,118,169,120,275,120,55,104,139,19,63,66,47,92,27,21,33,56,27,36,33,126,170
"0cdnSIvN489sFUwYlrMQ.bytes","2vzlFiPL03STnwtDhoCU",4,6322,20,27,42,101,50,76,30,26,37,30,34,40,42,20,38,32,75,38,18,18,20,36,24,81
"0C4aVbN58O1nAigFJt9z.bytes","2WBAlcgeu4zZbTNy713v",4,25708,40,59,177,879,487,105,99,113,86,71,5,33,166,41,37,54,61,113,240,64,43,80,123,2484
"0BZQIJak6Pu2tyAXfrzR.bytes","2XiGfo95mCALRbu6KzVY",4,3502,216,11,26,78,18,9,8,3,33,11,16,33,21,23,34,17,4,17,15,10,7,11,18,250
"0BY2iPso3bEmudlUzpfq.bytes","2xlhAE5LO8RFfczB6ep3",7,5330,16,17,17,93,39,12,26,17,90,27,13,214,22,14,11,28,14,18,7,18,17,14,5,169
"0bN6ODYWw2xeCQBn3tEg.bytes","2YNFrzjaecyUInXCDVmt",4,26876,646,212,427,1420,677,256,525,297,650,625,5,201,689,53,47,55,184,21,28,17,52,36,179,4594
"0BLbmzJRkjNynCgQIdtV.bytes","2ZlLcMw4Vkim1pNYXj9v",7,3970,17,38,16,53,25,44,15,11,12,18,11,20,29,13,22,15,69,19,14,20,10,24,18,71
"0BKcmNv4iGY2hsVSaXJ6.bytes","2ZY5e4PHsEAvkziQGFR6",4,5705,38,39,42,80,58,66,22,22,22,36,28,30,34,24,40,37,49,54,20,20,36,32,23,51
"0bjN3Kgw5OATSreRmEdi.bytes","30htxi8FRcmfUkInewlS",4,16445,132,963,121,607,634,600,597,621,148,158,7,173,202,25,72,28,582,25,197,13,43,27,163,2438
"0BIdbVDEgmPwjYF4xzir.bytes","32r6nRhN1UCwtFTfy8ZG",4,5273,2,5,194,31,20,13,9,18,15,7,2,9,7,3,23,10,14,10,2,4,3,2,208,188
"0BFIPv1rO83whtpMYyAs.bytes","32rcXoa5QI1EmxBFS9he",4,15253,3,101,32,222,39,19,3,5,6,4,7,1570,18,14,27,15,4,16,10,13,16,8,16,73
"0BEsCP7NAUy8XmkenHWG.bytes","35B8Vh0Q9k4STsiCtKx2",7,17356,1141,372,565,1536,618,353,399,452,1231,1170,209,43,3692,45,43,45,423,17,12,17,47,33,541,3497
"0b5LqcWix3J4fGIEhXQu.bytes","3d2x0BYR7aiJLfPNsbgo",4,3967,24,2,10,40,20,17,22,13,15,6,2,7,11,3,20,10,12,13,3,4,3,3,5,49
"0B2RwKm6dq9fjUWDNIOa.bytes","3ekS6OIvjTVhQsgrqiHo",4,107126,448,743,391,807,781,633,813,634,553,500,21,468,411,28,56,19,616,19,444,20,40,45,521,11179
"0AwWs42SUQ19mI7eDcTC.bytes","3hfRptP5gUEqDHlCkMYX",4,16303,58,46,68,354,288,65,187,104,76,41,18,18,149,51,63,46,110,26,51,21,53,75,35,1342
"0aVxkvmflEizUBG2rMT4.bytes","3m8kb5ILPrHcMC1o9Nht",5,15319,4,102,32,230,46,38,5,5,7,5,6,1572,20,15,28,16,4,17,10,14,16,9,17,73
"0aVNj3qFgEZI6Akf4Kuv.bytes","3nowFMmKJAkiNs8CaGVb",4,20706,10,97,38,203,55,6,6,3,7,12,7,1412,14,26,23,22,7,16,10,18,18,8,10,794
"0AV6MPlrTWG4fYI7NBtQ.bytes","3OX0rbks7LQmeDcKx8C4",4,13021,111,990,140,609,634,552,546,545,182,146,10,151,150,18,58,26,579,26,168,11,28,28,142,2153
"0aU7XWsr8RtN94jvo3lG.bytes","3Q8Wvm1ceyOhSajNdCUb",4,2495,16,11,15,37,13,11,14,17,12,18,16,23,17,14,25,9,68,21,9,17,10,14,7,82
"0aSTGBVRXeJhx5OcpsgC.bytes","3RiBw0ntobeCh5VEQrY1",4,6022,18,32,25,127,28,66,15,15,20,25,21,41,34,9,24,31,72,24,19,16,13,18,13,220
"0ASH2csN7k8jZyoRaqtn.bytes","3WhAuJ8OlUsk2XT0ImiK",4,25305,491,111,187,1053,764,143,201,142,468,572,6,211,337,26,323,43,146,19,379,87734,303,14,108,13800
"0AnoOZDNbPXIr2MRBSCJ.bytes","3zZpqyclD9B2v5Qas18m",5,17594,711,51,264,542,165,45,35,32,116,130,4,23,151,36,25,31,71,16,58,15,17,21,449,2114
"0aKlH1MRxLmv34QGhEJP.bytes","40KRbGeQZ8PwcUgt5joa",5,32266,1070,30,53,1381,543,450,147,141,1106,214,5,43,402,46,40,52,11,39,230,15,12,36,25,3136
"0akIgwhWHYm1dzsNqBFx.bytes","4AGv29WBlocjZiPIKqsp",4,135488,1440,320,681,3777,1788,201,611,230,1624,1885,22,304,71,132,73,186,388,47,38,38,92,79,281,23558
"0AguvpOCcaf2myVDYFGb.bytes","4aMbnHlA9es8vKmOFR2Z",4,34361,18,28,164,381,108,37,46,21,22,41,6,5,43,30,47,32,3,25,24,5,17,22,159,865
"0ACDbR5M3ZhBJajygTuf.bytes","4AuqM30HyOajgr8SleRL",4,7030,1758,5,1384,1426,1799,1,1912,1933,1959,2121,4,26,65,22,17,5,1875,4,29,8,13,3,1428,286
"0A32eTdBKayjCWhZqDOQ.bytes","4GUJ7HBXO8I56WyRSMQd",4,29667,628,205,388,1167,466,167,323,190,667,731,144,277,120,56,23,59,309,11,69,15,67,41,260,3573
"09sXMJUHwQWVanrhzAoT.bytes","4j5ZXQI3ghezluq1snEp",4,89081,10,25,6,64,16,8,17,6,9,6,23,45,33,25,34,22,53,26,14,38,32,298,6,19
"09LXtWxm1EbK5uVqcQS3.bytes","4QCBDTJFskOqox0H8XIL",4,4235,3,1,13,45,15,11,29,14,12,7,4,12,8,4,18,10,11,12,12,4,1,2,15,198
"09CPNMYyQjSguFrE8UOf.bytes","4suKxkVWNqFQZLB5UfXD",4,29350,87,105,85,189,221,39,151,51,40,1029,14,60,791,91,142,61,102,56,554,79,93,91,123,2901
"09bfacpUzuBN5W3S8KTo.bytes","4UTMdcZkxzLvwygO8EuK",5,6588,19,27,32,133,50,50,20,15,22,24,21,35,27,15,41,21,56,29,11,15,19,23,15,183
"08BX5Slp2I1FraZWbc6j.bytes","4vNDlExnr0y2mFXUgbz3",4,166318,666,82,122,1299,130,35,77,59,191,42,23,86,64,41,67,41,150,32,27,24,41,30,75,1347
"07nrG1cLKUPxjOlWMFiV.bytes","4WaGm3PhidQVRopgXz7J",4,5457,32,31,30,102,48,80,36,16,20,34,32,46,30,24,48,34,58,44,18,28,28,24,35,82
"07iSOIG2urUvsMl9E5Rn.bytes","4ZBJzEqnW52fFUw0PG3v",4,16905,1140,387,524,1401,889,348,486,390,1188,1165,367,27,24,57,53,52,406,26,20,28,71,37,399,2528
"07ECKjDTyQLnabNoxrIH.bytes","5tMCNKDogQ2x7zwUbpcZ",5,271587,870,1084,907,1332,1072,1175,1077,1361,1100,1082,15,6437,1561,17,34,25,1037,20,1171,97,14,8,1173,595
"06QinlpeFIWj8qHc7Vys.bytes","7cyYPthi5KmvXEs2NkRj",5,8413,35,3,16,197,18,10,16,4,8,5,2,8,3,58,9,3,10,5,2,3,3,3,9,976
"06osXqPUVM1HbvBGNncT.bytes","8wm2jYBqV30okUMfuDCd",5,4052,21,27,14,52,19,34,15,13,15,15,7,17,28,16,31,18,50,24,14,11,12,18,12,86
"06KfrF7ltESna2ZHPVp5.bytes","AeCXyFRcU2SsgvVTpMzi",5,6123,17,36,30,134,43,70,29,13,25,30,13,32,34,11,30,28,55,26,20,28,19,20,14,177
"06arUi9q3wHS2C8RZxeB.bytes","asKPnzUXjShMc0Tl6Wge",5,5730,23,27,32,89,37,48,15,10,16,21,15,31,31,25,36,25,25,28,17,14,23,27,10,74
"06aLOj8EUXMByS423sum.bytes","b59dlNEacoYUAyeR4Ipq",5,26357,751,261,473,1250,762,411,662,428,805,679,5,196,39,60,39,68,275,20,38,20,52,31,258,7107
"065EZhxgbLRSHsB87uIF.bytes","B6dzEY3kKIn8me9McfGg",5,20862,391,69,123,1024,460,68,291,52,414,531,10,922,52,92,75,71,80,70,37,28,67,92,52,8864
"05rJTUWYAKNegBk2wE8X.bytes","bGPHZFpAL3N957064wzj",5,37601,259,462,890,3280,1148,251,1058,471,498,1314,56,340,1184,584,414,437,581,207,732,82,196,220,354,14747
"05LHG8fR3iPn6agIo9z7.bytes","BKXtxeYlLsprabEWIQhn",5,93136,463,268,309,1525,792,815,256,237,252,245,18,300,276,21,34,14,300,22,256,13,15,14,305,29213
"05Kps4iFw8mOLJZQrb1H.bytes","cIojVJGQOtrL0S1ApeDY",5,16494,843,350,581,1096,472,161,195,249,792,998,664,21,24,50,41,45,318,16,46,18,50,34,341,3445
"05IXcWGxvnkto4sq17zZ.bytes","CRrAOvzk452LVZIGMWsq",5,8196,118,110,127,372,99,52,132,55,147,132,18,51,39,66,69,64,127,29,29,20,57,39,60,2405
"05EeG39MTRrI6VY21DPd.bytes","cYb4XuNSqOA9IFLHseG1",5,10352,1017,86,279,284,190,63,53,39,203,143,7,31,173,85,127,30,101,9,66,17,24,120,180,512
"05aiMRw13bYWqZ8OHvjl.bytes","DEyOUKzN2g8suv96eYoC",5,25141,2908,74,349,1021,444,53,177,69,3242,520,5,150,44,54,47,57,106,18,33,25,51,33,83,6836
"04sJnMaORYc1SV5pKjrP.bytes","Dj3FqX9IAHco2tG1UOZS",5,6210,28,40,28,119,31,62,24,14,15,29,13,27,34,8,34,17,46,23,17,18,18,16,9,93
"04QzZ3DVdPsEp9elLR65.bytes","dKcE7Q1zuFViSaDRUtxY",5,3238,6,31,20,80,24,29,21,14,13,21,14,24,23,19,23,20,45,20,14,8,17,18,16,72
"04mcPSei852tgIKUwTJr.bytes","e2r6IncxE1LQOKFGgphj",5,16931,40,113,43,138,136,90,112,84,76,61,5,65,78,26,40,16,89,20,58,11,11,9,48,1627
"04hSzLv5s2TDYPlcgpHB.bytes","EB0d2fJGLHam1tQCUDWu",5,20773,8,88,38,286,91,26,10,6,9,13,6,1401,17,18,33,21,4,17,8,13,16,16,8,329
"04EjIdbPV5e1XroFOpiN.bytes","ei0C84XpoqcAS6v5ZExI",5,22934,75,157,339,886,394,90,216,143,155,378,8,93,476,25,30,14,221,13,227,18,17,19,232,3627
"04cvLCVPqBMs6yn5xGlE.bytes","epLciPaHrTu1gl4CW7Uf",5,2567,24,23,16,41,17,15,115,10,15,9,15,26,20,25,19,18,58,21,21,19,14,13,8,77
"04BfoQRA6XEshiNuI7pF.bytes","F6nOrb9ipd0SskWuJjUw",5,5929,28,40,40,111,48,64,29,11,22,36,46,38,47,22,48,34,79,30,20,30,22,28,36,109
"03nJaQV6K2ObICUmyWoR.bytes","FdiEeV3N8WtUSXjmcrxo",5,4101,265,40,73,250,72,61,52,14,46,512,33,67,355,29,44,21,9,21,214,14,20,21,41,694
"02zcUmKV16Lya5xqnPGB.bytes","Fnda3PuqJT6Ep5vjOWCk",5,20948,526,122,177,899,484,117,217,171,524,555,6,758,26,44,45,43,136,14,13,20,51,34,113,5514
"02MRILoE6rNhmt7FUi45.bytes","FsirpP0oDwXeAzC2KndG",5,17362,1421,544,509,1727,775,405,531,610,1372,1880,525,187,53,61,87,70,463,42,20,27,69,46,404,6017
"02mlBLHZTDFXGa7Nt6cr.bytes","fyH8oWql4rg7tEJSLpIB",5,18947,161,47,54,164,71,53,45,44,152,49,8,74,77,17,23,9,50,17,48,8,9,11,35,5575
"02K5GMYITj7bBoAisEmD.bytes","gB105vrJPbcGCtuj7p4a",5,10551,182,73,146,452,193,106,319,76,198,142,20,67,64,96,86,108,304,31,50,31,75,52,73,3112
"02JqQ7H3yEoD8viYWlmS.bytes","GbTUXFYkMoafQSe1zN94",5,25729,522,135,248,865,2562,118,129,202,541,573,10,65,573,40,92,67,120,49,17,31,32,30,172,9251
"02IOCvYEy8mjiuAQHax3.bytes","GkMBlvTidr5oyYOVJCwc",5,78958,3,4,2,27,9,2,6,1,3,21,1,13,34,1,5,2,4,4,14,1,5,3,2,34
"01SuzwMJEIXsK7A8dQbl.bytes","Hc5LqZVK2yzlsb8BEfdO",5,15289,5,103,32,229,42,30,6,5,6,6,8,1571,18,15,27,16,5,15,9,15,17,9,17,73
"01kcPWA9K2BOxQeS5Rju.bytes","hrguW0CqMt2mJdfvX8IB",5,9903,205,92,64,222,126,53,72,57,90,229,8,417,200,40,29,14,72,11,102,14,25,32,52,1320
"01jsnpXSAlgw6aPeDxrU.bytes","hZiVAw5nREjHU1qodatK",5,16032,172,1048,129,542,601,497,497,534,142,128,10,149,158,31,64,25,517,23,121,11,35,36,111,2292
"01IsoiSMh5gxyDYTl4CB.bytes","i8WIr0dtVHSGMmwFlcUY",5,19852,392,54,54,768,372,26,70,43,403,506,9,78,65,62,98,74,79,48,27,28,64,5030,32,4686
"01azqd4InC7m9JpocGv5.bytes","idjesBrKybwkzPXMalUL",5,273053,963,1192,824,1787,1332,1172,1185,1587,1272,1120,13,2722,1131,49,145,78,1488,70,1445,101,51,30,1145,829
