2282,971,506,413,9,369,39,3,3,593,412,363,204,471,318,502,995,3681,4,40,2,39,164,41,90,407,100,4,11,43,85,12,28,44,9,10,21,32,9,41,0A32eTdBKayjCWhZqDOQ
819,25,61,264,0,65,10,0,0,66,105,85,12,14,252,355,84,1027,0,0,0,10,2,0,0,84,3,0,0,1,0,0,0,0,0,0,0,0,0,1,0ACDbR5M3ZhBJajygTuf
303,72,0,11,1,55,4,0,1,183,23,50,65,15,17,81,180,983,0,3,0,4,21,37,5,29,34,0,0,0,0,0,1,1,0,0,0,0,2,2,0AguvpOCcaf2myVDYFGb
13529,4567,1625,1396,6,953,147,5,8,1888,1251,1060,2167,2087,913,1873,5847,9912,4,40,2,147,772,229,457,1144,395,12,109,342,338,67,90,162,140,128,72,72,42,168,0akIgwhWHYm1dzsNqBFx
466,78,1,18,0,74,4,0,1,122,22,41,89,13,19,111,292,779,0,0,0,4,31,63,7,14,36,0,0,0,4,0,0,0,0,16,0,10,0,0,0aKlH1MRxLmv34QGhEJP
2710,783,362,369,0,190,33,0,47,570,254,240,535,539,359,544,1455,2648,0,0,0,33,8,64,144,353,33,3,14,69,83,35,5,8,6,6,14,1,4,16,0AnoOZDNbPXIr2MRBSCJ
529,170,60,58,2,181,35,1,0,211,55,50,122,123,35,100,503,1197,0,20,0,35,60,8,13,89,52,0,1,11,44,7,14,17,0,2,12,16,5,35,0ASH2csN7k8jZyoRaqtn
146,374,9,3,0,16,4,0,0,209,9,1,190,168,9,7,316,291,0,0,0,4,0,0,4,43,2,0,6,0,0,1,0,0,0,0,0,0,9,0,0aSTGBVRXeJhx5OcpsgC
195,462,7,3,0,36,4,0,0,335,8,120,130,295,7,4,868,341,0,0,0,4,4,0,0,73,1,0,1,2,0,0,0,0,0,0,0,0,7,0,0aU7XWsr8RtN94jvo3lG
132,154,146,83,1,282,4,0,0,152,156,8,78,23,62,91,488,1160,0,1,0,4,3,0,5,287,4,0,34,0,0,0,0,1,2,1,1,1,52,0,0AV6MPlrTWG4fYI7NBtQ
2398,399,2,69,1,69,4,0,1,169,12,68,379,26,62,167,797,2046,0,1,0,4,4,16,2,17,7,0,1,0,15,0,5,8,7,1,1,15,4,0,0aVNj3qFgEZI6Akf4Kuv
2558,379,4,77,0,173,5,0,1,240,14,73,421,81,66,182,896,2161,0,0,0,5,9,15,59,17,8,0,0,0,31,0,3,7,5,2,0,19,2,0,0aVxkvmflEizUBG2rMT4
5240,3624,666,527,0,244,6,0,7,2249,444,443,223,1370,463,573,7508,6485,0,2,0,6,139,13,40,1320,117,4,13,5,31,41,85,105,49,0,0,2,41,5,0AwWs42SUQ19mI7eDcTC
232,578,229,109,0,136,4,0,0,274,588,1,189,221,90,149,708,1943,0,0,0,4,0,0,112,349,3,0,31,0,0,0,0,0,1,0,1,0,162,0,0B2RwKm6dq9fjUWDNIOa
71,239,2,2,0,41,4,0,0,158,3,32,7,81,2,1,163,199,0,0,0,4,0,0,0,12,0,0,0,0,0,0,0,0,0,0,0,0,0,0,0b5LqcWix3J4fGIEhXQu
1311,468,45,39,1,102,14,0,0,346,80,51,142,224,47,157,615,1324,0,0,0,14,16,19,93,110,18,0,6,6,10,2,0,0,0,73,0,1,3,31,0BEsCP7NAUy8XmkenHWG
2564,391,4,78,0,176,5,0,1,199,12,73,423,33,68,183,807,2112,0,0,0,5,6,15,5,17,10,0,0,0,32,0,3,7,6,1,0,19,4,1,0BFIPv1rO83whtpMYyAs
67,295,7,2,0,4,4,0,0,160,2,1,7,82,7,1,304,46,0,0,0,4,0,0,0,18,0,0,0,0,0,0,0,0,0,0,0,0,0,1,0BIdbVDEgmPwjYF4xzir
263,420,125,81,0,197,4,0,0,245,91,1,50,78,14,84,449,1215,0,0,0,4,0,0,39,383,14,0,32,0,0,0,0,0,5,0,1,0,97,0,0bjN3Kgw5OATSreRmEdi
133,277,2,1,0,18,4,0,0,140,8,0,80,113,3,6,251,111,0,0,0,4,1,0,3,35,1,0,1,0,0,0,0,0,0,0,0,0,8,0,0BKcmNv4iGY2hsVSaXJ6
189,558,6,3,0,31,4,0,0,310,9,1,121,289,6,8,804,323,0,0,0,4,0,0,4,63,2,0,1,0,0,0,0,0,0,0,0,0,6,0,0BLbmzJRkjNynCgQIdtV
4421,1197,326,281,3,388,75,5,2,673,489,227,790,594,213,596,2219,3935,0,22,0,75,213,86,197,378,144,3,29,97,144,27,36,53,52,56,15,38,16,56,0bN6ODYWw2xeCQBn3tEg
1625,168,14,32,0,109,28,0,3,47,412,32,409,49,48,216,790,2192,0,0,0,28,36,15,49,62,19,0,14,11,0,15,0,1,0,33,0,0,84,0,0BY2iPso3bEmudlUzpfq
215,199,37,6,3,79,18,0,0,137,72,31,82,78,3,56,181,542,0,5,0,18,27,4,10,43,34,0,8,5,10,1,5,5,6,8,6,3,31,3,0BZQIJak6Pu2tyAXfrzR
2886,2641,424,534,1,133,4,0,1,943,159,246,120,505,407,849,1863,3277,0,0,0,4,137,78,147,315,81,2,8,2,7,6,3,6,20,19,9,3,42,18,0C4aVbN58O1nAigFJt9z
252,349,7,0,0,35,4,0,0,171,11,0,99,140,8,4,309,381,0,0,0,4,1,0,2,49,1,0,1,0,0,0,0,0,0,0,0,0,4,0,0cdnSIvN489sFUwYlrMQ
515,1255,59,174,0,131,4,0,0,632,79,2,743,24,183,296,887,1375,0,0,0,4,1,0,0,18,6,0,0,1,0,0,0,0,0,0,0,0,0,7,0cfGJLYgE6ROaZH7KT1h
142,356,12,0,0,21,4,0,0,175,10,0,104,143,12,4,284,301,0,0,0,4,1,0,3,56,2,0,1,0,0,0,0,0,0,0,0,0,5,0,0cfIE39ihRNo2rkZOw5H
0,0,0,0,0,0,0,0,0,0,0,0,0,0,0,0,0,0,0,0,0,0,0,0,0,0,0,0,0,0,0,0,0,0,0,0,0,0,0,0,list
0,0,0,0,0,0,0,0,0,0,0,0,0,0,0,0,0,0,0,0,0,0,0,0,0,0,0,0,0,0,0,0,0,0,0,0,0,0,0,0,list1
