"","1","2","3","4","5","6","7","8","9"
"7",0.998,0,0,0,0,0,0.002,0,0
"12",0.992,0.002,0,0,0,0.002,0.002,0,0.002
"15",0.994,0.004,0,0,0,0,0,0,0.002
"24",1,0,0,0,0,0,0,0,0
"27",1,0,0,0,0,0,0,0,0
"28",1,0,0,0,0,0,0,0,0
"32",1,0,0,0,0,0,0,0,0
"34",1,0,0,0,0,0,0,0,0
"36",0.998,0.002,0,0,0,0,0,0,0
"39",1,0,0,0,0,0,0,0,0
"42",1,0,0,0,0,0,0,0,0
"43",1,0,0,0,0,0,0,0,0
"44",1,0,0,0,0,0,0,0,0
"47",0.998,0,0,0,0,0,0,0.002,0
"48",0.996,0,0,0,0,0,0,0.002,0.002
"63",1,0,0,0,0,0,0,0,0
"74",1,0,0,0,0,0,0,0,0
"77",1,0,0,0,0,0,0,0,0
"78",1,0,0,0,0,0,0,0,0
"79",1,0,0,0,0,0,0,0,0
"83",1,0,0,0,0,0,0,0,0
"84",1,0,0,0,0,0,0,0,0
"87",1,0,0,0,0,0,0,0,0
"90",1,0,0,0,0,0,0,0,0
"91",1,0,0,0,0,0,0,0,0
"95",1,0,0,0,0,0,0,0,0
"100",1,0,0,0,0,0,0,0,0
"107",1,0,0,0,0,0,0,0,0
"111",0.998,0,0,0.002,0,0,0,0,0
"112",0.998,0,0,0.002,0,0,0,0,0
"115",1,0,0,0,0,0,0,0,0
"117",1,0,0,0,0,0,0,0,0
"118",0.998,0.002,0,0,0,0,0,0,0
"120",0.998,0.002,0,0,0,0,0,0,0
"127",1,0,0,0,0,0,0,0,0
"128",1,0,0,0,0,0,0,0,0
"132",1,0,0,0,0,0,0,0,0
"133",1,0,0,0,0,0,0,0,0
"144",1,0,0,0,0,0,0,0,0
"146",1,0,0,0,0,0,0,0,0
"147",1,0,0,0,0,0,0,0,0
"152",1,0,0,0,0,0,0,0,0
"156",1,0,0,0,0,0,0,0,0
"157",1,0,0,0,0,0,0,0,0
"158",1,0,0,0,0,0,0,0,0
"161",1,0,0,0,0,0,0,0,0
"169",1,0,0,0,0,0,0,0,0
"170",1,0,0,0,0,0,0,0,0
"174",1,0,0,0,0,0,0,0,0
"175",1,0,0,0,0,0,0,0,0
"177",1,0,0,0,0,0,0,0,0
"182",1,0,0,0,0,0,0,0,0
"183",1,0,0,0,0,0,0,0,0
"190",1,0,0,0,0,0,0,0,0
"191",1,0,0,0,0,0,0,0,0
"194",1,0,0,0,0,0,0,0,0
"200",1,0,0,0,0,0,0,0,0
"202",1,0,0,0,0,0,0,0,0
"203",1,0,0,0,0,0,0,0,0
"204",1,0,0,0,0,0,0,0,0
"206",1,0,0,0,0,0,0,0,0
"207",1,0,0,0,0,0,0,0,0
"212",1,0,0,0,0,0,0,0,0
"217",1,0,0,0,0,0,0,0,0
"218",1,0,0,0,0,0,0,0,0
"224",1,0,0,0,0,0,0,0,0
"233",1,0,0,0,0,0,0,0,0
"239",1,0,0,0,0,0,0,0,0
"240",1,0,0,0,0,0,0,0,0
"252",1,0,0,0,0,0,0,0,0
"255",1,0,0,0,0,0,0,0,0
"256",1,0,0,0,0,0,0,0,0
"260",1,0,0,0,0,0,0,0,0
"262",1,0,0,0,0,0,0,0,0
"264",1,0,0,0,0,0,0,0,0
"265",1,0,0,0,0,0,0,0,0
"266",1,0,0,0,0,0,0,0,0
"269",1,0,0,0,0,0,0,0,0
"270",1,0,0,0,0,0,0,0,0
"272",1,0,0,0,0,0,0,0,0
"276",1,0,0,0,0,0,0,0,0
"287",1,0,0,0,0,0,0,0,0
"288",1,0,0,0,0,0,0,0,0
"298",1,0,0,0,0,0,0,0,0
"301",1,0,0,0,0,0,0,0,0
"303",1,0,0,0,0,0,0,0,0
"306",1,0,0,0,0,0,0,0,0
"310",1,0,0,0,0,0,0,0,0
"312",1,0,0,0,0,0,0,0,0
"318",1,0,0,0,0,0,0,0,0
"320",1,0,0,0,0,0,0,0,0
"324",1,0,0,0,0,0,0,0,0
"326",0.996,0.004,0,0,0,0,0,0,0
"327",1,0,0,0,0,0,0,0,0
"330",1,0,0,0,0,0,0,0,0
"339",1,0,0,0,0,0,0,0,0
"341",1,0,0,0,0,0,0,0,0
"348",1,0,0,0,0,0,0,0,0
"350",1,0,0,0,0,0,0,0,0
"357",1,0,0,0,0,0,0,0,0
"359",1,0,0,0,0,0,0,0,0
"363",1,0,0,0,0,0,0,0,0
"369",1,0,0,0,0,0,0,0,0
"370",1,0,0,0,0,0,0,0,0
"371",1,0,0,0,0,0,0,0,0
"385",0.996,0.002,0.002,0,0,0,0,0,0
"389",1,0,0,0,0,0,0,0,0
"393",1,0,0,0,0,0,0,0,0
"399",1,0,0,0,0,0,0,0,0
"405",1,0,0,0,0,0,0,0,0
"408",1,0,0,0,0,0,0,0,0
"409",1,0,0,0,0,0,0,0,0
"414",1,0,0,0,0,0,0,0,0
"416",1,0,0,0,0,0,0,0,0
"420",1,0,0,0,0,0,0,0,0
"421",1,0,0,0,0,0,0,0,0
"423",1,0,0,0,0,0,0,0,0
"424",1,0,0,0,0,0,0,0,0
"428",1,0,0,0,0,0,0,0,0
"431",1,0,0,0,0,0,0,0,0
"436",1,0,0,0,0,0,0,0,0
"437",1,0,0,0,0,0,0,0,0
"438",1,0,0,0,0,0,0,0,0
"440",1,0,0,0,0,0,0,0,0
"446",1,0,0,0,0,0,0,0,0
"453",1,0,0,0,0,0,0,0,0
"454",1,0,0,0,0,0,0,0,0
"457",1,0,0,0,0,0,0,0,0
"462",1,0,0,0,0,0,0,0,0
"463",1,0,0,0,0,0,0,0,0
"464",1,0,0,0,0,0,0,0,0
"466",0.998,0,0.002,0,0,0,0,0,0
"475",1,0,0,0,0,0,0,0,0
"476",1,0,0,0,0,0,0,0,0
"477",1,0,0,0,0,0,0,0,0
"483",1,0,0,0,0,0,0,0,0
"488",1,0,0,0,0,0,0,0,0
"491",1,0,0,0,0,0,0,0,0
"499",1,0,0,0,0,0,0,0,0
"502",1,0,0,0,0,0,0,0,0
"507",1,0,0,0,0,0,0,0,0
"509",1,0,0,0,0,0,0,0,0
"515",1,0,0,0,0,0,0,0,0
"520",1,0,0,0,0,0,0,0,0
"522",1,0,0,0,0,0,0,0,0
"524",1,0,0,0,0,0,0,0,0
"528",1,0,0,0,0,0,0,0,0
"529",1,0,0,0,0,0,0,0,0
"532",1,0,0,0,0,0,0,0,0
"533",1,0,0,0,0,0,0,0,0
"534",1,0,0,0,0,0,0,0,0
"539",1,0,0,0,0,0,0,0,0
"540",1,0,0,0,0,0,0,0,0
"544",1,0,0,0,0,0,0,0,0
"545",1,0,0,0,0,0,0,0,0
"546",1,0,0,0,0,0,0,0,0
"549",1,0,0,0,0,0,0,0,0
"550",1,0,0,0,0,0,0,0,0
"552",1,0,0,0,0,0,0,0,0
"554",1,0,0,0,0,0,0,0,0
"556",1,0,0,0,0,0,0,0,0
"561",1,0,0,0,0,0,0,0,0
"564",1,0,0,0,0,0,0,0,0
"565",1,0,0,0,0,0,0,0,0
"567",1,0,0,0,0,0,0,0,0
"569",1,0,0,0,0,0,0,0,0
"570",1,0,0,0,0,0,0,0,0
"573",1,0,0,0,0,0,0,0,0
"577",1,0,0,0,0,0,0,0,0
"581",1,0,0,0,0,0,0,0,0
"586",1,0,0,0,0,0,0,0,0
"588",1,0,0,0,0,0,0,0,0
"590",1,0,0,0,0,0,0,0,0
"594",1,0,0,0,0,0,0,0,0
"595",1,0,0,0,0,0,0,0,0
"596",1,0,0,0,0,0,0,0,0
"597",1,0,0,0,0,0,0,0,0
"606",1,0,0,0,0,0,0,0,0
"611",1,0,0,0,0,0,0,0,0
"614",1,0,0,0,0,0,0,0,0
"621",1,0,0,0,0,0,0,0,0
"622",1,0,0,0,0,0,0,0,0
"626",1,0,0,0,0,0,0,0,0
"628",1,0,0,0,0,0,0,0,0
"638",1,0,0,0,0,0,0,0,0
"639",1,0,0,0,0,0,0,0,0
"642",1,0,0,0,0,0,0,0,0
"643",1,0,0,0,0,0,0,0,0
"648",1,0,0,0,0,0,0,0,0
"651",1,0,0,0,0,0,0,0,0
"654",1,0,0,0,0,0,0,0,0
"655",1,0,0,0,0,0,0,0,0
"657",1,0,0,0,0,0,0,0,0
"658",1,0,0,0,0,0,0,0,0
"663",1,0,0,0,0,0,0,0,0
"664",1,0,0,0,0,0,0,0,0
"670",1,0,0,0,0,0,0,0,0
"681",1,0,0,0,0,0,0,0,0
"684",1,0,0,0,0,0,0,0,0
"686",1,0,0,0,0,0,0,0,0
"688",1,0,0,0,0,0,0,0,0
"691",1,0,0,0,0,0,0,0,0
"692",1,0,0,0,0,0,0,0,0
"696",1,0,0,0,0,0,0,0,0
"697",1,0,0,0,0,0,0,0,0
"700",1,0,0,0,0,0,0,0,0
"703",1,0,0,0,0,0,0,0,0
"709",1,0,0,0,0,0,0,0,0
"712",1,0,0,0,0,0,0,0,0
"713",1,0,0,0,0,0,0,0,0
"717",1,0,0,0,0,0,0,0,0
"723",1,0,0,0,0,0,0,0,0
"725",1,0,0,0,0,0,0,0,0
"727",1,0,0,0,0,0,0,0,0
"728",1,0,0,0,0,0,0,0,0
"738",1,0,0,0,0,0,0,0,0
"739",1,0,0,0,0,0,0,0,0
"740",1,0,0,0,0,0,0,0,0
"742",1,0,0,0,0,0,0,0,0
"743",1,0,0,0,0,0,0,0,0
"745",1,0,0,0,0,0,0,0,0
"747",1,0,0,0,0,0,0,0,0
"760",1,0,0,0,0,0,0,0,0
"762",1,0,0,0,0,0,0,0,0
"771",1,0,0,0,0,0,0,0,0
"774",1,0,0,0,0,0,0,0,0
"776",1,0,0,0,0,0,0,0,0
"777",1,0,0,0,0,0,0,0,0
"783",1,0,0,0,0,0,0,0,0
"785",1,0,0,0,0,0,0,0,0
"790",1,0,0,0,0,0,0,0,0
"791",1,0,0,0,0,0,0,0,0
"800",1,0,0,0,0,0,0,0,0
"805",1,0,0,0,0,0,0,0,0
"808",1,0,0,0,0,0,0,0,0
"810",1,0,0,0,0,0,0,0,0
"811",1,0,0,0,0,0,0,0,0
"814",1,0,0,0,0,0,0,0,0
"817",1,0,0,0,0,0,0,0,0
"819",1,0,0,0,0,0,0,0,0
"821",1,0,0,0,0,0,0,0,0
"824",1,0,0,0,0,0,0,0,0
"825",1,0,0,0,0,0,0,0,0
"826",1,0,0,0,0,0,0,0,0
"830",1,0,0,0,0,0,0,0,0
"843",1,0,0,0,0,0,0,0,0
"846",1,0,0,0,0,0,0,0,0
"851",1,0,0,0,0,0,0,0,0
"856",1,0,0,0,0,0,0,0,0
"857",1,0,0,0,0,0,0,0,0
"861",1,0,0,0,0,0,0,0,0
"864",1,0,0,0,0,0,0,0,0
"865",1,0,0,0,0,0,0,0,0
"868",1,0,0,0,0,0,0,0,0
"871",1,0,0,0,0,0,0,0,0
"872",1,0,0,0,0,0,0,0,0
"875",1,0,0,0,0,0,0,0,0
"876",1,0,0,0,0,0,0,0,0
"877",1,0,0,0,0,0,0,0,0
"880",1,0,0,0,0,0,0,0,0
"882",1,0,0,0,0,0,0,0,0
"885",1,0,0,0,0,0,0,0,0
"888",1,0,0,0,0,0,0,0,0
"889",1,0,0,0,0,0,0,0,0
"890",1,0,0,0,0,0,0,0,0
"891",1,0,0,0,0,0,0,0,0
"892",1,0,0,0,0,0,0,0,0
"905",1,0,0,0,0,0,0,0,0
"906",1,0,0,0,0,0,0,0,0
"915",1,0,0,0,0,0,0,0,0
"921",1,0,0,0,0,0,0,0,0
"924",1,0,0,0,0,0,0,0,0
"928",1,0,0,0,0,0,0,0,0
"930",1,0,0,0,0,0,0,0,0
"932",1,0,0,0,0,0,0,0,0
"935",1,0,0,0,0,0,0,0,0
"936",1,0,0,0,0,0,0,0,0
"938",1,0,0,0,0,0,0,0,0
"940",1,0,0,0,0,0,0,0,0
"941",1,0,0,0,0,0,0,0,0
"942",1,0,0,0,0,0,0,0,0
"946",1,0,0,0,0,0,0,0,0
"948",1,0,0,0,0,0,0,0,0
"951",1,0,0,0,0,0,0,0,0
"952",1,0,0,0,0,0,0,0,0
"954",1,0,0,0,0,0,0,0,0
"955",1,0,0,0,0,0,0,0,0
"956",1,0,0,0,0,0,0,0,0
"957",1,0,0,0,0,0,0,0,0
"960",1,0,0,0,0,0,0,0,0
"963",1,0,0,0,0,0,0,0,0
"966",1,0,0,0,0,0,0,0,0
"968",1,0,0,0,0,0,0,0,0
"970",1,0,0,0,0,0,0,0,0
"974",1,0,0,0,0,0,0,0,0
"976",1,0,0,0,0,0,0,0,0
"978",1,0,0,0,0,0,0,0,0
"981",1,0,0,0,0,0,0,0,0
"982",1,0,0,0,0,0,0,0,0
"985",1,0,0,0,0,0,0,0,0
"986",1,0,0,0,0,0,0,0,0
"990",1,0,0,0,0,0,0,0,0
"994",1,0,0,0,0,0,0,0,0
"996",1,0,0,0,0,0,0,0,0
"1000",1,0,0,0,0,0,0,0,0
"1010",1,0,0,0,0,0,0,0,0
"1013",1,0,0,0,0,0,0,0,0
"1015",1,0,0,0,0,0,0,0,0
"1020",1,0,0,0,0,0,0,0,0
"1022",1,0,0,0,0,0,0,0,0
"1025",1,0,0,0,0,0,0,0,0
"1029",1,0,0,0,0,0,0,0,0
"1031",1,0,0,0,0,0,0,0,0
"1034",1,0,0,0,0,0,0,0,0
"1044",1,0,0,0,0,0,0,0,0
"1046",1,0,0,0,0,0,0,0,0
"1047",1,0,0,0,0,0,0,0,0
"1048",1,0,0,0,0,0,0,0,0
"1049",1,0,0,0,0,0,0,0,0
"1059",1,0,0,0,0,0,0,0,0
"1060",1,0,0,0,0,0,0,0,0
"1062",1,0,0,0,0,0,0,0,0
"1063",1,0,0,0,0,0,0,0,0
"1069",0.998,0.002,0,0,0,0,0,0,0
"1073",1,0,0,0,0,0,0,0,0
"1076",1,0,0,0,0,0,0,0,0
"1077",1,0,0,0,0,0,0,0,0
"1081",1,0,0,0,0,0,0,0,0
"1088",1,0,0,0,0,0,0,0,0
"1092",1,0,0,0,0,0,0,0,0
"1093",1,0,0,0,0,0,0,0,0
"1096",1,0,0,0,0,0,0,0,0
"1097",1,0,0,0,0,0,0,0,0
"1100",1,0,0,0,0,0,0,0,0
"1102",1,0,0,0,0,0,0,0,0
"1104",1,0,0,0,0,0,0,0,0
"1108",1,0,0,0,0,0,0,0,0
"1114",1,0,0,0,0,0,0,0,0
"1116",1,0,0,0,0,0,0,0,0
"1117",1,0,0,0,0,0,0,0,0
"1118",1,0,0,0,0,0,0,0,0
"1119",1,0,0,0,0,0,0,0,0
"1121",1,0,0,0,0,0,0,0,0
"1122",1,0,0,0,0,0,0,0,0
"1123",1,0,0,0,0,0,0,0,0
"1129",1,0,0,0,0,0,0,0,0
"1130",1,0,0,0,0,0,0,0,0
"1134",1,0,0,0,0,0,0,0,0
"1138",1,0,0,0,0,0,0,0,0
"1144",1,0,0,0,0,0,0,0,0
"1145",1,0,0,0,0,0,0,0,0
"1151",1,0,0,0,0,0,0,0,0
"1157",1,0,0,0,0,0,0,0,0
"1158",1,0,0,0,0,0,0,0,0
"1159",1,0,0,0,0,0,0,0,0
"1167",1,0,0,0,0,0,0,0,0
"1176",1,0,0,0,0,0,0,0,0
"1177",1,0,0,0,0,0,0,0,0
"1178",1,0,0,0,0,0,0,0,0
"1185",1,0,0,0,0,0,0,0,0
"1189",1,0,0,0,0,0,0,0,0
"1194",1,0,0,0,0,0,0,0,0
"1199",1,0,0,0,0,0,0,0,0
"1201",1,0,0,0,0,0,0,0,0
"1202",1,0,0,0,0,0,0,0,0
"1207",1,0,0,0,0,0,0,0,0
"1209",1,0,0,0,0,0,0,0,0
"1210",1,0,0,0,0,0,0,0,0
"1213",1,0,0,0,0,0,0,0,0
"1224",1,0,0,0,0,0,0,0,0
"1231",1,0,0,0,0,0,0,0,0
"1237",1,0,0,0,0,0,0,0,0
"1241",1,0,0,0,0,0,0,0,0
"1247",1,0,0,0,0,0,0,0,0
"1253",1,0,0,0,0,0,0,0,0
"1256",1,0,0,0,0,0,0,0,0
"1258",1,0,0,0,0,0,0,0,0
"1261",1,0,0,0,0,0,0,0,0
"1263",1,0,0,0,0,0,0,0,0
"1269",1,0,0,0,0,0,0,0,0
"1270",1,0,0,0,0,0,0,0,0
"1272",1,0,0,0,0,0,0,0,0
"1275",1,0,0,0,0,0,0,0,0
"1277",1,0,0,0,0,0,0,0,0
"1287",1,0,0,0,0,0,0,0,0
"1292",1,0,0,0,0,0,0,0,0
"1294",1,0,0,0,0,0,0,0,0
"1301",1,0,0,0,0,0,0,0,0
"1306",1,0,0,0,0,0,0,0,0
"1313",1,0,0,0,0,0,0,0,0
"1315",1,0,0,0,0,0,0,0,0
"1318",1,0,0,0,0,0,0,0,0
"1320",1,0,0,0,0,0,0,0,0
"1322",1,0,0,0,0,0,0,0,0
"1327",1,0,0,0,0,0,0,0,0
"1333",1,0,0,0,0,0,0,0,0
"1334",1,0,0,0,0,0,0,0,0
"1336",1,0,0,0,0,0,0,0,0
"1339",1,0,0,0,0,0,0,0,0
"1344",1,0,0,0,0,0,0,0,0
"1345",1,0,0,0,0,0,0,0,0
"1348",1,0,0,0,0,0,0,0,0
"1351",1,0,0,0,0,0,0,0,0
"1354",1,0,0,0,0,0,0,0,0
"1356",1,0,0,0,0,0,0,0,0
"1357",1,0,0,0,0,0,0,0,0
"1359",1,0,0,0,0,0,0,0,0
"1361",1,0,0,0,0,0,0,0,0
"1364",1,0,0,0,0,0,0,0,0
"1373",1,0,0,0,0,0,0,0,0
"1376",1,0,0,0,0,0,0,0,0
"1377",1,0,0,0,0,0,0,0,0
"1378",1,0,0,0,0,0,0,0,0
"1387",1,0,0,0,0,0,0,0,0
"1389",1,0,0,0,0,0,0,0,0
"1390",1,0,0,0,0,0,0,0,0
"1392",1,0,0,0,0,0,0,0,0
"1394",1,0,0,0,0,0,0,0,0
"1396",1,0,0,0,0,0,0,0,0
"1404",1,0,0,0,0,0,0,0,0
"1405",1,0,0,0,0,0,0,0,0
"1406",1,0,0,0,0,0,0,0,0
"1407",1,0,0,0,0,0,0,0,0
"1411",1,0,0,0,0,0,0,0,0
"1413",1,0,0,0,0,0,0,0,0
"1415",1,0,0,0,0,0,0,0,0
"1416",1,0,0,0,0,0,0,0,0
"1417",1,0,0,0,0,0,0,0,0
"1422",1,0,0,0,0,0,0,0,0
"1425",1,0,0,0,0,0,0,0,0
"1432",1,0,0,0,0,0,0,0,0
"1433",1,0,0,0,0,0,0,0,0
"1436",1,0,0,0,0,0,0,0,0
"1438",1,0,0,0,0,0,0,0,0
"1439",1,0,0,0,0,0,0,0,0
"1441",1,0,0,0,0,0,0,0,0
"1442",1,0,0,0,0,0,0,0,0
"1443",1,0,0,0,0,0,0,0,0
"1446",1,0,0,0,0,0,0,0,0
"1447",1,0,0,0,0,0,0,0,0
"1449",1,0,0,0,0,0,0,0,0
"1450",1,0,0,0,0,0,0,0,0
"1456",1,0,0,0,0,0,0,0,0
"1463",1,0,0,0,0,0,0,0,0
"1470",1,0,0,0,0,0,0,0,0
"1471",1,0,0,0,0,0,0,0,0
"1472",1,0,0,0,0,0,0,0,0
"1478",1,0,0,0,0,0,0,0,0
"1479",1,0,0,0,0,0,0,0,0
"1480",1,0,0,0,0,0,0,0,0
"1482",1,0,0,0,0,0,0,0,0
"1490",1,0,0,0,0,0,0,0,0
"1491",1,0,0,0,0,0,0,0,0
"1494",1,0,0,0,0,0,0,0,0
"1496",1,0,0,0,0,0,0,0,0
"1515",1,0,0,0,0,0,0,0,0
"1520",0.996,0.004,0,0,0,0,0,0,0
"1521",0.998,0.002,0,0,0,0,0,0,0
"1525",1,0,0,0,0,0,0,0,0
"1530",1,0,0,0,0,0,0,0,0
"1533",0.998,0.002,0,0,0,0,0,0,0
"1539",0.99,0.01,0,0,0,0,0,0,0
"1545",0.022,0.978,0,0,0,0,0,0,0
"1548",0.008,0.992,0,0,0,0,0,0,0
"1549",0,1,0,0,0,0,0,0,0
"1551",0,1,0,0,0,0,0,0,0
"1553",0,1,0,0,0,0,0,0,0
"1559",0,1,0,0,0,0,0,0,0
"1561",0,1,0,0,0,0,0,0,0
"1563",0,1,0,0,0,0,0,0,0
"1565",0,1,0,0,0,0,0,0,0
"1566",0,1,0,0,0,0,0,0,0
"1572",0,1,0,0,0,0,0,0,0
"1575",0,1,0,0,0,0,0,0,0
"1576",0,1,0,0,0,0,0,0,0
"1579",0,1,0,0,0,0,0,0,0
"1581",0,1,0,0,0,0,0,0,0
"1585",0,1,0,0,0,0,0,0,0
"1586",0,1,0,0,0,0,0,0,0
"1587",0,1,0,0,0,0,0,0,0
"1588",0,1,0,0,0,0,0,0,0
"1590",0,1,0,0,0,0,0,0,0
"1592",0,1,0,0,0,0,0,0,0
"1593",0,1,0,0,0,0,0,0,0
"1594",0,1,0,0,0,0,0,0,0
"1597",0,1,0,0,0,0,0,0,0
"1599",0,1,0,0,0,0,0,0,0
"1603",0,1,0,0,0,0,0,0,0
"1608",0,1,0,0,0,0,0,0,0
"1609",0,1,0,0,0,0,0,0,0
"1618",0,1,0,0,0,0,0,0,0
"1622",0,1,0,0,0,0,0,0,0
"1623",0,1,0,0,0,0,0,0,0
"1626",0,1,0,0,0,0,0,0,0
"1628",0,1,0,0,0,0,0,0,0
"1632",0,1,0,0,0,0,0,0,0
"1635",0,1,0,0,0,0,0,0,0
"1636",0,1,0,0,0,0,0,0,0
"1640",0,1,0,0,0,0,0,0,0
"1643",0,1,0,0,0,0,0,0,0
"1645",0,1,0,0,0,0,0,0,0
"1648",0,1,0,0,0,0,0,0,0
"1653",0,1,0,0,0,0,0,0,0
"1658",0,1,0,0,0,0,0,0,0
"1659",0,1,0,0,0,0,0,0,0
"1660",0,1,0,0,0,0,0,0,0
"1661",0,1,0,0,0,0,0,0,0
"1663",0,1,0,0,0,0,0,0,0
"1665",0,1,0,0,0,0,0,0,0
"1668",0,1,0,0,0,0,0,0,0
"1673",0,1,0,0,0,0,0,0,0
"1675",0,1,0,0,0,0,0,0,0
"1679",0,1,0,0,0,0,0,0,0
"1681",0,1,0,0,0,0,0,0,0
"1683",0,1,0,0,0,0,0,0,0
"1685",0,1,0,0,0,0,0,0,0
"1688",0,1,0,0,0,0,0,0,0
"1689",0,1,0,0,0,0,0,0,0
"1690",0,1,0,0,0,0,0,0,0
"1691",0,1,0,0,0,0,0,0,0
"1692",0,1,0,0,0,0,0,0,0
"1693",0,1,0,0,0,0,0,0,0
"1695",0,1,0,0,0,0,0,0,0
"1697",0,1,0,0,0,0,0,0,0
"1698",0,1,0,0,0,0,0,0,0
"1702",0,1,0,0,0,0,0,0,0
"1703",0,1,0,0,0,0,0,0,0
"1705",0,1,0,0,0,0,0,0,0
"1713",0,1,0,0,0,0,0,0,0
"1717",0,1,0,0,0,0,0,0,0
"1721",0,1,0,0,0,0,0,0,0
"1723",0,1,0,0,0,0,0,0,0
"1731",0,1,0,0,0,0,0,0,0
"1732",0,1,0,0,0,0,0,0,0
"1733",0,1,0,0,0,0,0,0,0
"1738",0,1,0,0,0,0,0,0,0
"1739",0,1,0,0,0,0,0,0,0
"1742",0,1,0,0,0,0,0,0,0
"1744",0,1,0,0,0,0,0,0,0
"1750",0,1,0,0,0,0,0,0,0
"1751",0,1,0,0,0,0,0,0,0
"1753",0,1,0,0,0,0,0,0,0
"1754",0,1,0,0,0,0,0,0,0
"1756",0,1,0,0,0,0,0,0,0
"1757",0,1,0,0,0,0,0,0,0
"1762",0,1,0,0,0,0,0,0,0
"1772",0,1,0,0,0,0,0,0,0
"1773",0,1,0,0,0,0,0,0,0
"1774",0,1,0,0,0,0,0,0,0
"1775",0,1,0,0,0,0,0,0,0
"1778",0,1,0,0,0,0,0,0,0
"1781",0,1,0,0,0,0,0,0,0
"1786",0,1,0,0,0,0,0,0,0
"1787",0,1,0,0,0,0,0,0,0
"1789",0,1,0,0,0,0,0,0,0
"1797",0,1,0,0,0,0,0,0,0
"1799",0,1,0,0,0,0,0,0,0
"1804",0,1,0,0,0,0,0,0,0
"1809",0,1,0,0,0,0,0,0,0
"1815",0,1,0,0,0,0,0,0,0
"1818",0,1,0,0,0,0,0,0,0
"1820",0,1,0,0,0,0,0,0,0
"1828",0,1,0,0,0,0,0,0,0
"1829",0,1,0,0,0,0,0,0,0
"1833",0,1,0,0,0,0,0,0,0
"1847",0,1,0,0,0,0,0,0,0
"1849",0,1,0,0,0,0,0,0,0
"1862",0,1,0,0,0,0,0,0,0
"1864",0,1,0,0,0,0,0,0,0
"1873",0,1,0,0,0,0,0,0,0
"1881",0,1,0,0,0,0,0,0,0
"1882",0,1,0,0,0,0,0,0,0
"1883",0,1,0,0,0,0,0,0,0
"1886",0,1,0,0,0,0,0,0,0
"1887",0,1,0,0,0,0,0,0,0
"1892",0,1,0,0,0,0,0,0,0
"1893",0,1,0,0,0,0,0,0,0
"1895",0,1,0,0,0,0,0,0,0
"1907",0,1,0,0,0,0,0,0,0
"1910",0,1,0,0,0,0,0,0,0
"1912",0,1,0,0,0,0,0,0,0
"1916",0,1,0,0,0,0,0,0,0
"1919",0,1,0,0,0,0,0,0,0
"1921",0,1,0,0,0,0,0,0,0
"1922",0,1,0,0,0,0,0,0,0
"1923",0,1,0,0,0,0,0,0,0
"1924",0,1,0,0,0,0,0,0,0
"1925",0,1,0,0,0,0,0,0,0
"1926",0,1,0,0,0,0,0,0,0
"1929",0,1,0,0,0,0,0,0,0
"1933",0,1,0,0,0,0,0,0,0
"1935",0,1,0,0,0,0,0,0,0
"1942",0,1,0,0,0,0,0,0,0
"1946",0,1,0,0,0,0,0,0,0
"1947",0,1,0,0,0,0,0,0,0
"1949",0,1,0,0,0,0,0,0,0
"1951",0,1,0,0,0,0,0,0,0
"1956",0,1,0,0,0,0,0,0,0
"1957",0,1,0,0,0,0,0,0,0
"1961",0,1,0,0,0,0,0,0,0
"1963",0,1,0,0,0,0,0,0,0
"1968",0,1,0,0,0,0,0,0,0
"1975",0,1,0,0,0,0,0,0,0
"1978",0,1,0,0,0,0,0,0,0
"1979",0,1,0,0,0,0,0,0,0
"1980",0,1,0,0,0,0,0,0,0
"1985",0,1,0,0,0,0,0,0,0
"1986",0,1,0,0,0,0,0,0,0
"1994",0,1,0,0,0,0,0,0,0
"1995",0,1,0,0,0,0,0,0,0
"2001",0,1,0,0,0,0,0,0,0
"2002",0,1,0,0,0,0,0,0,0
"2003",0,1,0,0,0,0,0,0,0
"2005",0,1,0,0,0,0,0,0,0
"2006",0,1,0,0,0,0,0,0,0
"2007",0,1,0,0,0,0,0,0,0
"2009",0,1,0,0,0,0,0,0,0
"2011",0,1,0,0,0,0,0,0,0
"2015",0,1,0,0,0,0,0,0,0
"2022",0,1,0,0,0,0,0,0,0
"2025",0,1,0,0,0,0,0,0,0
"2032",0,1,0,0,0,0,0,0,0
"2034",0,1,0,0,0,0,0,0,0
"2038",0,1,0,0,0,0,0,0,0
"2045",0,1,0,0,0,0,0,0,0
"2054",0,1,0,0,0,0,0,0,0
"2057",0,1,0,0,0,0,0,0,0
"2061",0,1,0,0,0,0,0,0,0
"2064",0,1,0,0,0,0,0,0,0
"2066",0,1,0,0,0,0,0,0,0
"2073",0,1,0,0,0,0,0,0,0
"2079",0,1,0,0,0,0,0,0,0
"2081",0,1,0,0,0,0,0,0,0
"2083",0,1,0,0,0,0,0,0,0
"2085",0,1,0,0,0,0,0,0,0
"2086",0,1,0,0,0,0,0,0,0
"2090",0,1,0,0,0,0,0,0,0
"2104",0,1,0,0,0,0,0,0,0
"2107",0,1,0,0,0,0,0,0,0
"2108",0,1,0,0,0,0,0,0,0
"2109",0,1,0,0,0,0,0,0,0
"2114",0,1,0,0,0,0,0,0,0
"2117",0,1,0,0,0,0,0,0,0
"2126",0,1,0,0,0,0,0,0,0
"2133",0,1,0,0,0,0,0,0,0
"2136",0,1,0,0,0,0,0,0,0
"2137",0,1,0,0,0,0,0,0,0
"2138",0,1,0,0,0,0,0,0,0
"2141",0,1,0,0,0,0,0,0,0
"2142",0,1,0,0,0,0,0,0,0
"2145",0,1,0,0,0,0,0,0,0
"2147",0,1,0,0,0,0,0,0,0
"2153",0,1,0,0,0,0,0,0,0
"2154",0,1,0,0,0,0,0,0,0
"2155",0,1,0,0,0,0,0,0,0
"2157",0,1,0,0,0,0,0,0,0
"2159",0,1,0,0,0,0,0,0,0
"2168",0,1,0,0,0,0,0,0,0
"2172",0,1,0,0,0,0,0,0,0
"2173",0,1,0,0,0,0,0,0,0
"2174",0,1,0,0,0,0,0,0,0
"2176",0,1,0,0,0,0,0,0,0
"2177",0,1,0,0,0,0,0,0,0
"2186",0,1,0,0,0,0,0,0,0
"2188",0,1,0,0,0,0,0,0,0
"2190",0,1,0,0,0,0,0,0,0
"2191",0,1,0,0,0,0,0,0,0
"2192",0,1,0,0,0,0,0,0,0
"2195",0,1,0,0,0,0,0,0,0
"2196",0,1,0,0,0,0,0,0,0
"2199",0,1,0,0,0,0,0,0,0
"2205",0,1,0,0,0,0,0,0,0
"2207",0,1,0,0,0,0,0,0,0
"2208",0,1,0,0,0,0,0,0,0
"2214",0,1,0,0,0,0,0,0,0
"2215",0,1,0,0,0,0,0,0,0
"2222",0,1,0,0,0,0,0,0,0
"2225",0,1,0,0,0,0,0,0,0
"2230",0,1,0,0,0,0,0,0,0
"2231",0,1,0,0,0,0,0,0,0
"2233",0,1,0,0,0,0,0,0,0
"2235",0,1,0,0,0,0,0,0,0
"2237",0,1,0,0,0,0,0,0,0
"2244",0,1,0,0,0,0,0,0,0
"2245",0,1,0,0,0,0,0,0,0
"2246",0,1,0,0,0,0,0,0,0
"2247",0,1,0,0,0,0,0,0,0
"2248",0,1,0,0,0,0,0,0,0
"2249",0,1,0,0,0,0,0,0,0
"2250",0,1,0,0,0,0,0,0,0
"2256",0,1,0,0,0,0,0,0,0
"2264",0,1,0,0,0,0,0,0,0
"2268",0,1,0,0,0,0,0,0,0
"2272",0,1,0,0,0,0,0,0,0
"2284",0,1,0,0,0,0,0,0,0
"2298",0,1,0,0,0,0,0,0,0
"2311",0,1,0,0,0,0,0,0,0
"2314",0,1,0,0,0,0,0,0,0
"2315",0,1,0,0,0,0,0,0,0
"2316",0,1,0,0,0,0,0,0,0
"2317",0,1,0,0,0,0,0,0,0
"2325",0,1,0,0,0,0,0,0,0
"2331",0,1,0,0,0,0,0,0,0
"2332",0,1,0,0,0,0,0,0,0
"2337",0,1,0,0,0,0,0,0,0
"2339",0,1,0,0,0,0,0,0,0
"2341",0,1,0,0,0,0,0,0,0
"2342",0,1,0,0,0,0,0,0,0
"2347",0,1,0,0,0,0,0,0,0
"2348",0,1,0,0,0,0,0,0,0
"2350",0,1,0,0,0,0,0,0,0
"2356",0,1,0,0,0,0,0,0,0
"2358",0,1,0,0,0,0,0,0,0
"2359",0,1,0,0,0,0,0,0,0
"2360",0,1,0,0,0,0,0,0,0
"2361",0,1,0,0,0,0,0,0,0
"2369",0,1,0,0,0,0,0,0,0
"2371",0,1,0,0,0,0,0,0,0
"2372",0,1,0,0,0,0,0,0,0
"2373",0,1,0,0,0,0,0,0,0
"2374",0,1,0,0,0,0,0,0,0
"2377",0,1,0,0,0,0,0,0,0
"2380",0,1,0,0,0,0,0,0,0
"2382",0,1,0,0,0,0,0,0,0
"2384",0,1,0,0,0,0,0,0,0
"2389",0,1,0,0,0,0,0,0,0
"2401",0,1,0,0,0,0,0,0,0
"2402",0,1,0,0,0,0,0,0,0
"2405",0,1,0,0,0,0,0,0,0
"2419",0,1,0,0,0,0,0,0,0
"2422",0,1,0,0,0,0,0,0,0
"2427",0,1,0,0,0,0,0,0,0
"2430",0,1,0,0,0,0,0,0,0
"2433",0,1,0,0,0,0,0,0,0
"2434",0,1,0,0,0,0,0,0,0
"2438",0,1,0,0,0,0,0,0,0
"2440",0,1,0,0,0,0,0,0,0
"2441",0,1,0,0,0,0,0,0,0
"2447",0,1,0,0,0,0,0,0,0
"2448",0,1,0,0,0,0,0,0,0
"2449",0,1,0,0,0,0,0,0,0
"2455",0,1,0,0,0,0,0,0,0
"2457",0,1,0,0,0,0,0,0,0
"2459",0,1,0,0,0,0,0,0,0
"2467",0,1,0,0,0,0,0,0,0
"2470",0,1,0,0,0,0,0,0,0
"2473",0,1,0,0,0,0,0,0,0
"2475",0,1,0,0,0,0,0,0,0
"2478",0,1,0,0,0,0,0,0,0
"2479",0,1,0,0,0,0,0,0,0
"2487",0,1,0,0,0,0,0,0,0
"2488",0,1,0,0,0,0,0,0,0
"2493",0,1,0,0,0,0,0,0,0
"2494",0,1,0,0,0,0,0,0,0
"2502",0,1,0,0,0,0,0,0,0
"2503",0,1,0,0,0,0,0,0,0
"2506",0,1,0,0,0,0,0,0,0
"2511",0,1,0,0,0,0,0,0,0
"2513",0,1,0,0,0,0,0,0,0
"2515",0,1,0,0,0,0,0,0,0
"2518",0,1,0,0,0,0,0,0,0
"2524",0,1,0,0,0,0,0,0,0
"2531",0,1,0,0,0,0,0,0,0
"2533",0,1,0,0,0,0,0,0,0
"2536",0,1,0,0,0,0,0,0,0
"2538",0,1,0,0,0,0,0,0,0
"2539",0,1,0,0,0,0,0,0,0
"2541",0,1,0,0,0,0,0,0,0
"2542",0,1,0,0,0,0,0,0,0
"2551",0,1,0,0,0,0,0,0,0
"2554",0,1,0,0,0,0,0,0,0
"2557",0,1,0,0,0,0,0,0,0
"2561",0,1,0,0,0,0,0,0,0
"2562",0,1,0,0,0,0,0,0,0
"2563",0,1,0,0,0,0,0,0,0
"2564",0,1,0,0,0,0,0,0,0
"2566",0,1,0,0,0,0,0,0,0
"2568",0,1,0,0,0,0,0,0,0
"2572",0,1,0,0,0,0,0,0,0
"2574",0,1,0,0,0,0,0,0,0
"2577",0,1,0,0,0,0,0,0,0
"2579",0,1,0,0,0,0,0,0,0
"2580",0,1,0,0,0,0,0,0,0
"2583",0,1,0,0,0,0,0,0,0
"2585",0,1,0,0,0,0,0,0,0
"2586",0,1,0,0,0,0,0,0,0
"2590",0,1,0,0,0,0,0,0,0
"2597",0,1,0,0,0,0,0,0,0
"2601",0,1,0,0,0,0,0,0,0
"2602",0,1,0,0,0,0,0,0,0
"2610",0,1,0,0,0,0,0,0,0
"2612",0,1,0,0,0,0,0,0,0
"2616",0,1,0,0,0,0,0,0,0
"2618",0,1,0,0,0,0,0,0,0
"2619",0,1,0,0,0,0,0,0,0
"2623",0,1,0,0,0,0,0,0,0
"2629",0,1,0,0,0,0,0,0,0
"2633",0,1,0,0,0,0,0,0,0
"2635",0,1,0,0,0,0,0,0,0
"2639",0,1,0,0,0,0,0,0,0
"2644",0,1,0,0,0,0,0,0,0
"2647",0,1,0,0,0,0,0,0,0
"2652",0,1,0,0,0,0,0,0,0
"2653",0,1,0,0,0,0,0,0,0
"2654",0,1,0,0,0,0,0,0,0
"2658",0,1,0,0,0,0,0,0,0
"2660",0,1,0,0,0,0,0,0,0
"2661",0,1,0,0,0,0,0,0,0
"2662",0,1,0,0,0,0,0,0,0
"2663",0,1,0,0,0,0,0,0,0
"2668",0,1,0,0,0,0,0,0,0
"2675",0,1,0,0,0,0,0,0,0
"2678",0,1,0,0,0,0,0,0,0
"2680",0,1,0,0,0,0,0,0,0
"2685",0,1,0,0,0,0,0,0,0
"2692",0,1,0,0,0,0,0,0,0
"2693",0,1,0,0,0,0,0,0,0
"2694",0,1,0,0,0,0,0,0,0
"2700",0,1,0,0,0,0,0,0,0
"2703",0,1,0,0,0,0,0,0,0
"2706",0,1,0,0,0,0,0,0,0
"2712",0,1,0,0,0,0,0,0,0
"2716",0,1,0,0,0,0,0,0,0
"2717",0,1,0,0,0,0,0,0,0
"2721",0,1,0,0,0,0,0,0,0
"2722",0,1,0,0,0,0,0,0,0
"2731",0,1,0,0,0,0,0,0,0
"2734",0,1,0,0,0,0,0,0,0
"2741",0,1,0,0,0,0,0,0,0
"2743",0,1,0,0,0,0,0,0,0
"2744",0,1,0,0,0,0,0,0,0
"2748",0,1,0,0,0,0,0,0,0
"2756",0,1,0,0,0,0,0,0,0
"2763",0,1,0,0,0,0,0,0,0
"2767",0,1,0,0,0,0,0,0,0
"2769",0,1,0,0,0,0,0,0,0
"2774",0,1,0,0,0,0,0,0,0
"2776",0,1,0,0,0,0,0,0,0
"2781",0,1,0,0,0,0,0,0,0
"2782",0,1,0,0,0,0,0,0,0
"2783",0,1,0,0,0,0,0,0,0
"2788",0,1,0,0,0,0,0,0,0
"2791",0,1,0,0,0,0,0,0,0
"2797",0,1,0,0,0,0,0,0,0
"2799",0,1,0,0,0,0,0,0,0
"2803",0,1,0,0,0,0,0,0,0
"2807",0,1,0,0,0,0,0,0,0
"2816",0,1,0,0,0,0,0,0,0
"2817",0,1,0,0,0,0,0,0,0
"2822",0,1,0,0,0,0,0,0,0
"2823",0,1,0,0,0,0,0,0,0
"2827",0,1,0,0,0,0,0,0,0
"2830",0,1,0,0,0,0,0,0,0
"2834",0,1,0,0,0,0,0,0,0
"2838",0,1,0,0,0,0,0,0,0
"2839",0,1,0,0,0,0,0,0,0
"2840",0,1,0,0,0,0,0,0,0
"2845",0,1,0,0,0,0,0,0,0
"2856",0,1,0,0,0,0,0,0,0
"2859",0,1,0,0,0,0,0,0,0
"2861",0,1,0,0,0,0,0,0,0
"2866",0,1,0,0,0,0,0,0,0
"2867",0,1,0,0,0,0,0,0,0
"2868",0,1,0,0,0,0,0,0,0
"2869",0,1,0,0,0,0,0,0,0
"2875",0,1,0,0,0,0,0,0,0
"2882",0,1,0,0,0,0,0,0,0
"2884",0,1,0,0,0,0,0,0,0
"2885",0,1,0,0,0,0,0,0,0
"2887",0,1,0,0,0,0,0,0,0
"2891",0,1,0,0,0,0,0,0,0
"2894",0,1,0,0,0,0,0,0,0
"2896",0,1,0,0,0,0,0,0,0
"2897",0,1,0,0,0,0,0,0,0
"2904",0,1,0,0,0,0,0,0,0
"2906",0,1,0,0,0,0,0,0,0
"2911",0,1,0,0,0,0,0,0,0
"2912",0,1,0,0,0,0,0,0,0
"2914",0,1,0,0,0,0,0,0,0
"2917",0,1,0,0,0,0,0,0,0
"2922",0,1,0,0,0,0,0,0,0
"2924",0,1,0,0,0,0,0,0,0
"2929",0,1,0,0,0,0,0,0,0
"2930",0,1,0,0,0,0,0,0,0
"2932",0,1,0,0,0,0,0,0,0
"2934",0,1,0,0,0,0,0,0,0
"2935",0,1,0,0,0,0,0,0,0
"2937",0,1,0,0,0,0,0,0,0
"2941",0,1,0,0,0,0,0,0,0
"2942",0,1,0,0,0,0,0,0,0
"2946",0,1,0,0,0,0,0,0,0
"2950",0,1,0,0,0,0,0,0,0
"2953",0,1,0,0,0,0,0,0,0
"2955",0,1,0,0,0,0,0,0,0
"2956",0,1,0,0,0,0,0,0,0
"2957",0,1,0,0,0,0,0,0,0
"2958",0,1,0,0,0,0,0,0,0
"2961",0,1,0,0,0,0,0,0,0
"2963",0,1,0,0,0,0,0,0,0
"2964",0,1,0,0,0,0,0,0,0
"2969",0,1,0,0,0,0,0,0,0
"2970",0,1,0,0,0,0,0,0,0
"2974",0,1,0,0,0,0,0,0,0
"2975",0,1,0,0,0,0,0,0,0
"2984",0,1,0,0,0,0,0,0,0
"2989",0,1,0,0,0,0,0,0,0
"2993",0,1,0,0,0,0,0,0,0
"2994",0,1,0,0,0,0,0,0,0
"3000",0,1,0,0,0,0,0,0,0
"3005",0,1,0,0,0,0,0,0,0
"3008",0,1,0,0,0,0,0,0,0
"3010",0,1,0,0,0,0,0,0,0
"3013",0,1,0,0,0,0,0,0,0
"3016",0,1,0,0,0,0,0,0,0
"3022",0,1,0,0,0,0,0,0,0
"3024",0,1,0,0,0,0,0,0,0
"3026",0,1,0,0,0,0,0,0,0
"3031",0,1,0,0,0,0,0,0,0
"3033",0,1,0,0,0,0,0,0,0
"3036",0,1,0,0,0,0,0,0,0
"3037",0,1,0,0,0,0,0,0,0
"3039",0,1,0,0,0,0,0,0,0
"3042",0,1,0,0,0,0,0,0,0
"3050",0,1,0,0,0,0,0,0,0
"3051",0,1,0,0,0,0,0,0,0
"3057",0,1,0,0,0,0,0,0,0
"3058",0,1,0,0,0,0,0,0,0
"3063",0,1,0,0,0,0,0,0,0
"3069",0,1,0,0,0,0,0,0,0
"3072",0,1,0,0,0,0,0,0,0
"3074",0,1,0,0,0,0,0,0,0
"3077",0,1,0,0,0,0,0,0,0
"3084",0,1,0,0,0,0,0,0,0
"3089",0,1,0,0,0,0,0,0,0
"3093",0,1,0,0,0,0,0,0,0
"3095",0,1,0,0,0,0,0,0,0
"3097",0,1,0,0,0,0,0,0,0
"3101",0,1,0,0,0,0,0,0,0
"3105",0,1,0,0,0,0,0,0,0
"3107",0,1,0,0,0,0,0,0,0
"3111",0,1,0,0,0,0,0,0,0
"3112",0,1,0,0,0,0,0,0,0
"3117",0,1,0,0,0,0,0,0,0
"3119",0,1,0,0,0,0,0,0,0
"3123",0,1,0,0,0,0,0,0,0
"3130",0,1,0,0,0,0,0,0,0
"3133",0,1,0,0,0,0,0,0,0
"3134",0,1,0,0,0,0,0,0,0
"3137",0,1,0,0,0,0,0,0,0
"3138",0,1,0,0,0,0,0,0,0
"3144",0,1,0,0,0,0,0,0,0
"3148",0,1,0,0,0,0,0,0,0
"3150",0,1,0,0,0,0,0,0,0
"3163",0,1,0,0,0,0,0,0,0
"3164",0,1,0,0,0,0,0,0,0
"3170",0,1,0,0,0,0,0,0,0
"3171",0,1,0,0,0,0,0,0,0
"3183",0,1,0,0,0,0,0,0,0
"3186",0,1,0,0,0,0,0,0,0
"3190",0,1,0,0,0,0,0,0,0
"3193",0,1,0,0,0,0,0,0,0
"3196",0,1,0,0,0,0,0,0,0
"3202",0,1,0,0,0,0,0,0,0
"3212",0,1,0,0,0,0,0,0,0
"3214",0,1,0,0,0,0,0,0,0
"3215",0,1,0,0,0,0,0,0,0
"3216",0,1,0,0,0,0,0,0,0
"3217",0,1,0,0,0,0,0,0,0
"3223",0,1,0,0,0,0,0,0,0
"3231",0,1,0,0,0,0,0,0,0
"3232",0,1,0,0,0,0,0,0,0
"3235",0,1,0,0,0,0,0,0,0
"3240",0,1,0,0,0,0,0,0,0
"3246",0,1,0,0,0,0,0,0,0
"3247",0,1,0,0,0,0,0,0,0
"3248",0,1,0,0,0,0,0,0,0
"3249",0,1,0,0,0,0,0,0,0
"3251",0,1,0,0,0,0,0,0,0
"3252",0,1,0,0,0,0,0,0,0
"3254",0,1,0,0,0,0,0,0,0
"3259",0,1,0,0,0,0,0,0,0
"3263",0,1,0,0,0,0,0,0,0
"3264",0,1,0,0,0,0,0,0,0
"3265",0,1,0,0,0,0,0,0,0
"3267",0,1,0,0,0,0,0,0,0
"3271",0,1,0,0,0,0,0,0,0
"3273",0,1,0,0,0,0,0,0,0
"3276",0,1,0,0,0,0,0,0,0
"3277",0,1,0,0,0,0,0,0,0
"3285",0,1,0,0,0,0,0,0,0
"3305",0,1,0,0,0,0,0,0,0
"3306",0,1,0,0,0,0,0,0,0
"3307",0,1,0,0,0,0,0,0,0
"3308",0,1,0,0,0,0,0,0,0
"3315",0,1,0,0,0,0,0,0,0
"3317",0,1,0,0,0,0,0,0,0
"3318",0,1,0,0,0,0,0,0,0
"3319",0,1,0,0,0,0,0,0,0
"3322",0,1,0,0,0,0,0,0,0
"3328",0,1,0,0,0,0,0,0,0
"3329",0,1,0,0,0,0,0,0,0
"3331",0,1,0,0,0,0,0,0,0
"3332",0,1,0,0,0,0,0,0,0
"3334",0,1,0,0,0,0,0,0,0
"3338",0,1,0,0,0,0,0,0,0
"3341",0,1,0,0,0,0,0,0,0
"3344",0,1,0,0,0,0,0,0,0
"3345",0,1,0,0,0,0,0,0,0
"3354",0,1,0,0,0,0,0,0,0
"3355",0,1,0,0,0,0,0,0,0
"3357",0,1,0,0,0,0,0,0,0
"3360",0,1,0,0,0,0,0,0,0
"3361",0,1,0,0,0,0,0,0,0
"3363",0,1,0,0,0,0,0,0,0
"3369",0,1,0,0,0,0,0,0,0
"3371",0,1,0,0,0,0,0,0,0
"3373",0,1,0,0,0,0,0,0,0
"3375",0,1,0,0,0,0,0,0,0
"3376",0,1,0,0,0,0,0,0,0
"3379",0,1,0,0,0,0,0,0,0
"3382",0,1,0,0,0,0,0,0,0
"3385",0,1,0,0,0,0,0,0,0
"3387",0,1,0,0,0,0,0,0,0
"3392",0,1,0,0,0,0,0,0,0
"3393",0,1,0,0,0,0,0,0,0
"3401",0,1,0,0,0,0,0,0,0
"3404",0,1,0,0,0,0,0,0,0
"3407",0,1,0,0,0,0,0,0,0
"3414",0,1,0,0,0,0,0,0,0
"3422",0,1,0,0,0,0,0,0,0
"3423",0,1,0,0,0,0,0,0,0
"3424",0,1,0,0,0,0,0,0,0
"3425",0,1,0,0,0,0,0,0,0
"3427",0,1,0,0,0,0,0,0,0
"3432",0,1,0,0,0,0,0,0,0
"3435",0,1,0,0,0,0,0,0,0
"3439",0,1,0,0,0,0,0,0,0
"3444",0,1,0,0,0,0,0,0,0
"3450",0,1,0,0,0,0,0,0,0
"3455",0,1,0,0,0,0,0,0,0
"3462",0,1,0,0,0,0,0,0,0
"3477",0,1,0,0,0,0,0,0,0
"3480",0,1,0,0,0,0,0,0,0
"3482",0,1,0,0,0,0,0,0,0
"3483",0,1,0,0,0,0,0,0,0
"3484",0,1,0,0,0,0,0,0,0
"3487",0,1,0,0,0,0,0,0,0
"3488",0,1,0,0,0,0,0,0,0
"3491",0,1,0,0,0,0,0,0,0
"3498",0,1,0,0,0,0,0,0,0
"3502",0,1,0,0,0,0,0,0,0
"3506",0,1,0,0,0,0,0,0,0
"3512",0,1,0,0,0,0,0,0,0
"3514",0,1,0,0,0,0,0,0,0
"3523",0,1,0,0,0,0,0,0,0
"3526",0,1,0,0,0,0,0,0,0
"3530",0,1,0,0,0,0,0,0,0
"3538",0,1,0,0,0,0,0,0,0
"3540",0,1,0,0,0,0,0,0,0
"3550",0,1,0,0,0,0,0,0,0
"3555",0,1,0,0,0,0,0,0,0
"3557",0,1,0,0,0,0,0,0,0
"3560",0,1,0,0,0,0,0,0,0
"3562",0,1,0,0,0,0,0,0,0
"3563",0,1,0,0,0,0,0,0,0
"3566",0,1,0,0,0,0,0,0,0
"3567",0,1,0,0,0,0,0,0,0
"3569",0,1,0,0,0,0,0,0,0
"3572",0,1,0,0,0,0,0,0,0
"3577",0,1,0,0,0,0,0,0,0
"3579",0,1,0,0,0,0,0,0,0
"3582",0,1,0,0,0,0,0,0,0
"3587",0,1,0,0,0,0,0,0,0
"3588",0,1,0,0,0,0,0,0,0
"3589",0,1,0,0,0,0,0,0,0
"3591",0,1,0,0,0,0,0,0,0
"3593",0,1,0,0,0,0,0,0,0
"3595",0,1,0,0,0,0,0,0,0
"3596",0,1,0,0,0,0,0,0,0
"3598",0,1,0,0,0,0,0,0,0
"3601",0,1,0,0,0,0,0,0,0
"3612",0,1,0,0,0,0,0,0,0
"3616",0,1,0,0,0,0,0,0,0
"3617",0,1,0,0,0,0,0,0,0
"3623",0,1,0,0,0,0,0,0,0
"3631",0,1,0,0,0,0,0,0,0
"3632",0,1,0,0,0,0,0,0,0
"3635",0,1,0,0,0,0,0,0,0
"3639",0,1,0,0,0,0,0,0,0
"3641",0,1,0,0,0,0,0,0,0
"3647",0,1,0,0,0,0,0,0,0
"3648",0,1,0,0,0,0,0,0,0
"3653",0,1,0,0,0,0,0,0,0
"3655",0,1,0,0,0,0,0,0,0
"3658",0,1,0,0,0,0,0,0,0
"3661",0,1,0,0,0,0,0,0,0
"3665",0,1,0,0,0,0,0,0,0
"3666",0,1,0,0,0,0,0,0,0
"3667",0,1,0,0,0,0,0,0,0
"3668",0,1,0,0,0,0,0,0,0
"3672",0,1,0,0,0,0,0,0,0
"3681",0,1,0,0,0,0,0,0,0
"3682",0,1,0,0,0,0,0,0,0
"3684",0,1,0,0,0,0,0,0,0
"3687",0,1,0,0,0,0,0,0,0
"3693",0,1,0,0,0,0,0,0,0
"3696",0,1,0,0,0,0,0,0,0
"3703",0,1,0,0,0,0,0,0,0
"3706",0,1,0,0,0,0,0,0,0
"3708",0,1,0,0,0,0,0,0,0
"3710",0,1,0,0,0,0,0,0,0
"3713",0,1,0,0,0,0,0,0,0
"3719",0,1,0,0,0,0,0,0,0
"3720",0,1,0,0,0,0,0,0,0
"3723",0,1,0,0,0,0,0,0,0
"3724",0,1,0,0,0,0,0,0,0
"3731",0,1,0,0,0,0,0,0,0
"3735",0,1,0,0,0,0,0,0,0
"3742",0,1,0,0,0,0,0,0,0
"3748",0,1,0,0,0,0,0,0,0
"3749",0,1,0,0,0,0,0,0,0
"3750",0,1,0,0,0,0,0,0,0
"3751",0,1,0,0,0,0,0,0,0
"3756",0,1,0,0,0,0,0,0,0
"3757",0,1,0,0,0,0,0,0,0
"3759",0,1,0,0,0,0,0,0,0
"3762",0,1,0,0,0,0,0,0,0
"3763",0,1,0,0,0,0,0,0,0
"3766",0,1,0,0,0,0,0,0,0
"3767",0,1,0,0,0,0,0,0,0
"3771",0,1,0,0,0,0,0,0,0
"3772",0,1,0,0,0,0,0,0,0
"3775",0,1,0,0,0,0,0,0,0
"3777",0,1,0,0,0,0,0,0,0
"3786",0,1,0,0,0,0,0,0,0
"3787",0,1,0,0,0,0,0,0,0
"3789",0,1,0,0,0,0,0,0,0
"3790",0,1,0,0,0,0,0,0,0
"3791",0,1,0,0,0,0,0,0,0
"3796",0,1,0,0,0,0,0,0,0
"3799",0,1,0,0,0,0,0,0,0
"3805",0,1,0,0,0,0,0,0,0
"3807",0,1,0,0,0,0,0,0,0
"3809",0,1,0,0,0,0,0,0,0
"3811",0,1,0,0,0,0,0,0,0
"3812",0,1,0,0,0,0,0,0,0
"3818",0,1,0,0,0,0,0,0,0
"3819",0,1,0,0,0,0,0,0,0
"3820",0,1,0,0,0,0,0,0,0
"3828",0,1,0,0,0,0,0,0,0
"3829",0,1,0,0,0,0,0,0,0
"3830",0,1,0,0,0,0,0,0,0
"3833",0,1,0,0,0,0,0,0,0
"3838",0,1,0,0,0,0,0,0,0
"3839",0,1,0,0,0,0,0,0,0
"3847",0,1,0,0,0,0,0,0,0
"3849",0,1,0,0,0,0,0,0,0
"3852",0,1,0,0,0,0,0,0,0
"3855",0,1,0,0,0,0,0,0,0
"3856",0,1,0,0,0,0,0,0,0
"3861",0,1,0,0,0,0,0,0,0
"3864",0,1,0,0,0,0,0,0,0
"3872",0,1,0,0,0,0,0,0,0
"3873",0,1,0,0,0,0,0,0,0
"3882",0,1,0,0,0,0,0,0,0
"3883",0,1,0,0,0,0,0,0,0
"3884",0,1,0,0,0,0,0,0,0
"3889",0,1,0,0,0,0,0,0,0
"3890",0,1,0,0,0,0,0,0,0
"3891",0,1,0,0,0,0,0,0,0
"3894",0,1,0,0,0,0,0,0,0
"3902",0,1,0,0,0,0,0,0,0
"3906",0,1,0,0,0,0,0,0,0
"3912",0,1,0,0,0,0,0,0,0
"3915",0,1,0,0,0,0,0,0,0
"3919",0,1,0,0,0,0,0,0,0
"3920",0,1,0,0,0,0,0,0,0
"3925",0,1,0,0,0,0,0,0,0
"3926",0,1,0,0,0,0,0,0,0
"3930",0,1,0,0,0,0,0,0,0
"3933",0,1,0,0,0,0,0,0,0
"3935",0,1,0,0,0,0,0,0,0
"3939",0,1,0,0,0,0,0,0,0
"3942",0,1,0,0,0,0,0,0,0
"3944",0,1,0,0,0,0,0,0,0
"3950",0,1,0,0,0,0,0,0,0
"3951",0,1,0,0,0,0,0,0,0
"3954",0,1,0,0,0,0,0,0,0
"3964",0,1,0,0,0,0,0,0,0
"3967",0,1,0,0,0,0,0,0,0
"3968",0,1,0,0,0,0,0,0,0
"3969",0,1,0,0,0,0,0,0,0
"3970",0,1,0,0,0,0,0,0,0
"3972",0,1,0,0,0,0,0,0,0
"3973",0,1,0,0,0,0,0,0,0
"3978",0,0.998,0.002,0,0,0,0,0,0
"3981",0,1,0,0,0,0,0,0,0
"3994",0,1,0,0,0,0,0,0,0
"3995",0,1,0,0,0,0,0,0,0
"3996",0,1,0,0,0,0,0,0,0
"4001",0,1,0,0,0,0,0,0,0
"4004",0,1,0,0,0,0,0,0,0
"4008",0,1,0,0,0,0,0,0,0
"4012",0,0.998,0.002,0,0,0,0,0,0
"4016",0,0.854,0.146,0,0,0,0,0,0
"4021",0,0.156,0.844,0,0,0,0,0,0
"4026",0,0.002,0.998,0,0,0,0,0,0
"4038",0,0,1,0,0,0,0,0,0
"4042",0,0,1,0,0,0,0,0,0
"4045",0,0,1,0,0,0,0,0,0
"4050",0,0,1,0,0,0,0,0,0
"4052",0,0,1,0,0,0,0,0,0
"4062",0,0,1,0,0,0,0,0,0
"4064",0,0,1,0,0,0,0,0,0
"4069",0,0,1,0,0,0,0,0,0
"4076",0,0,1,0,0,0,0,0,0
"4079",0,0,1,0,0,0,0,0,0
"4082",0,0,1,0,0,0,0,0,0
"4083",0,0,1,0,0,0,0,0,0
"4084",0,0,1,0,0,0,0,0,0
"4088",0,0,1,0,0,0,0,0,0
"4092",0,0,1,0,0,0,0,0,0
"4094",0,0,1,0,0,0,0,0,0
"4099",0,0,1,0,0,0,0,0,0
"4102",0,0,1,0,0,0,0,0,0
"4103",0,0,1,0,0,0,0,0,0
"4105",0,0,1,0,0,0,0,0,0
"4106",0,0,1,0,0,0,0,0,0
"4113",0,0,1,0,0,0,0,0,0
"4115",0,0,1,0,0,0,0,0,0
"4118",0,0,1,0,0,0,0,0,0
"4122",0,0,1,0,0,0,0,0,0
"4126",0,0,1,0,0,0,0,0,0
"4132",0,0,1,0,0,0,0,0,0
"4135",0,0,1,0,0,0,0,0,0
"4137",0,0,1,0,0,0,0,0,0
"4142",0,0,1,0,0,0,0,0,0
"4143",0,0,1,0,0,0,0,0,0
"4146",0,0,1,0,0,0,0,0,0
"4150",0,0,1,0,0,0,0,0,0
"4156",0,0,1,0,0,0,0,0,0
"4160",0,0,1,0,0,0,0,0,0
"4161",0,0,1,0,0,0,0,0,0
"4165",0,0,1,0,0,0,0,0,0
"4176",0,0,1,0,0,0,0,0,0
"4177",0,0,1,0,0,0,0,0,0
"4181",0,0,1,0,0,0,0,0,0
"4182",0,0,1,0,0,0,0,0,0
"4187",0,0,1,0,0,0,0,0,0
"4188",0,0,1,0,0,0,0,0,0
"4191",0,0,1,0,0,0,0,0,0
"4194",0,0,1,0,0,0,0,0,0
"4195",0,0,1,0,0,0,0,0,0
"4196",0,0,1,0,0,0,0,0,0
"4202",0,0,1,0,0,0,0,0,0
"4203",0,0,1,0,0,0,0,0,0
"4205",0,0,1,0,0,0,0,0,0
"4207",0,0,1,0,0,0,0,0,0
"4208",0,0,1,0,0,0,0,0,0
"4211",0,0,1,0,0,0,0,0,0
"4212",0,0,1,0,0,0,0,0,0
"4213",0,0,1,0,0,0,0,0,0
"4218",0,0,1,0,0,0,0,0,0
"4223",0,0,1,0,0,0,0,0,0
"4225",0,0,1,0,0,0,0,0,0
"4226",0,0,1,0,0,0,0,0,0
"4228",0,0,1,0,0,0,0,0,0
"4229",0,0,1,0,0,0,0,0,0
"4237",0,0,1,0,0,0,0,0,0
"4243",0,0,1,0,0,0,0,0,0
"4246",0,0,1,0,0,0,0,0,0
"4247",0,0,1,0,0,0,0,0,0
"4248",0,0,1,0,0,0,0,0,0
"4251",0,0,1,0,0,0,0,0,0
"4254",0,0,1,0,0,0,0,0,0
"4257",0,0,1,0,0,0,0,0,0
"4259",0,0,1,0,0,0,0,0,0
"4261",0,0,1,0,0,0,0,0,0
"4266",0,0,1,0,0,0,0,0,0
"4267",0,0,1,0,0,0,0,0,0
"4268",0,0,1,0,0,0,0,0,0
"4269",0,0,1,0,0,0,0,0,0
"4271",0,0,1,0,0,0,0,0,0
"4278",0,0,1,0,0,0,0,0,0
"4279",0,0,1,0,0,0,0,0,0
"4280",0,0,1,0,0,0,0,0,0
"4281",0,0,1,0,0,0,0,0,0
"4285",0,0,1,0,0,0,0,0,0
"4286",0,0,1,0,0,0,0,0,0
"4288",0,0,1,0,0,0,0,0,0
"4291",0,0,1,0,0,0,0,0,0
"4294",0,0,1,0,0,0,0,0,0
"4296",0,0,1,0,0,0,0,0,0
"4298",0,0,1,0,0,0,0,0,0
"4299",0,0,1,0,0,0,0,0,0
"4306",0,0,1,0,0,0,0,0,0
"4310",0,0,1,0,0,0,0,0,0
"4311",0,0,1,0,0,0,0,0,0
"4317",0,0,1,0,0,0,0,0,0
"4318",0,0,1,0,0,0,0,0,0
"4327",0,0,1,0,0,0,0,0,0
"4329",0,0,1,0,0,0,0,0,0
"4334",0,0,1,0,0,0,0,0,0
"4336",0,0,1,0,0,0,0,0,0
"4339",0,0,1,0,0,0,0,0,0
"4342",0,0,1,0,0,0,0,0,0
"4346",0,0,1,0,0,0,0,0,0
"4348",0,0,1,0,0,0,0,0,0
"4349",0,0,1,0,0,0,0,0,0
"4352",0,0,1,0,0,0,0,0,0
"4355",0,0,1,0,0,0,0,0,0
"4356",0,0,1,0,0,0,0,0,0
"4358",0,0,1,0,0,0,0,0,0
"4362",0,0,1,0,0,0,0,0,0
"4363",0,0,1,0,0,0,0,0,0
"4365",0,0,1,0,0,0,0,0,0
"4370",0,0,1,0,0,0,0,0,0
"4381",0,0,1,0,0,0,0,0,0
"4382",0,0,1,0,0,0,0,0,0
"4383",0,0,1,0,0,0,0,0,0
"4384",0,0,1,0,0,0,0,0,0
"4389",0,0,1,0,0,0,0,0,0
"4391",0,0,1,0,0,0,0,0,0
"4394",0,0,1,0,0,0,0,0,0
"4395",0,0,1,0,0,0,0,0,0
"4398",0,0,1,0,0,0,0,0,0
"4403",0,0,1,0,0,0,0,0,0
"4411",0,0,1,0,0,0,0,0,0
"4413",0,0,1,0,0,0,0,0,0
"4414",0,0,1,0,0,0,0,0,0
"4423",0,0,1,0,0,0,0,0,0
"4429",0,0,1,0,0,0,0,0,0
"4431",0,0,1,0,0,0,0,0,0
"4435",0,0,1,0,0,0,0,0,0
"4436",0,0,1,0,0,0,0,0,0
"4439",0,0,1,0,0,0,0,0,0
"4440",0,0,1,0,0,0,0,0,0
"4441",0,0,1,0,0,0,0,0,0
"4445",0,0,1,0,0,0,0,0,0
"4447",0,0,1,0,0,0,0,0,0
"4449",0,0,1,0,0,0,0,0,0
"4456",0,0,1,0,0,0,0,0,0
"4465",0,0,1,0,0,0,0,0,0
"4467",0,0,1,0,0,0,0,0,0
"4477",0,0,1,0,0,0,0,0,0
"4484",0,0,1,0,0,0,0,0,0
"4486",0,0,1,0,0,0,0,0,0
"4488",0,0,1,0,0,0,0,0,0
"4489",0,0,1,0,0,0,0,0,0
"4493",0,0,1,0,0,0,0,0,0
"4495",0,0,1,0,0,0,0,0,0
"4496",0,0,1,0,0,0,0,0,0
"4501",0,0,1,0,0,0,0,0,0
"4511",0,0,1,0,0,0,0,0,0
"4513",0,0,1,0,0,0,0,0,0
"4514",0,0,1,0,0,0,0,0,0
"4516",0,0,1,0,0,0,0,0,0
"4518",0,0,1,0,0,0,0,0,0
"4520",0,0,1,0,0,0,0,0,0
"4521",0,0,1,0,0,0,0,0,0
"4524",0,0,1,0,0,0,0,0,0
"4529",0,0,1,0,0,0,0,0,0
"4533",0,0,1,0,0,0,0,0,0
"4534",0,0,1,0,0,0,0,0,0
"4535",0,0,1,0,0,0,0,0,0
"4536",0,0,1,0,0,0,0,0,0
"4537",0,0,1,0,0,0,0,0,0
"4540",0,0,1,0,0,0,0,0,0
"4543",0,0,1,0,0,0,0,0,0
"4546",0,0,1,0,0,0,0,0,0
"4560",0,0,1,0,0,0,0,0,0
"4562",0,0,1,0,0,0,0,0,0
"4563",0,0,1,0,0,0,0,0,0
"4572",0,0,1,0,0,0,0,0,0
"4573",0,0,1,0,0,0,0,0,0
"4579",0,0,1,0,0,0,0,0,0
"4581",0,0,1,0,0,0,0,0,0
"4585",0,0,1,0,0,0,0,0,0
"4586",0,0,1,0,0,0,0,0,0
"4592",0,0,1,0,0,0,0,0,0
"4593",0,0,1,0,0,0,0,0,0
"4595",0,0,1,0,0,0,0,0,0
"4599",0,0,1,0,0,0,0,0,0
"4602",0,0,1,0,0,0,0,0,0
"4604",0,0,1,0,0,0,0,0,0
"4613",0,0,1,0,0,0,0,0,0
"4615",0,0,1,0,0,0,0,0,0
"4616",0,0,1,0,0,0,0,0,0
"4620",0,0,1,0,0,0,0,0,0
"4621",0,0,1,0,0,0,0,0,0
"4624",0,0,1,0,0,0,0,0,0
"4625",0,0,1,0,0,0,0,0,0
"4626",0,0,1,0,0,0,0,0,0
"4627",0,0,1,0,0,0,0,0,0
"4634",0,0,1,0,0,0,0,0,0
"4636",0,0,1,0,0,0,0,0,0
"4637",0,0,1,0,0,0,0,0,0
"4638",0,0,1,0,0,0,0,0,0
"4644",0,0,1,0,0,0,0,0,0
"4645",0,0,1,0,0,0,0,0,0
"4647",0,0,1,0,0,0,0,0,0
"4649",0,0,1,0,0,0,0,0,0
"4653",0,0,1,0,0,0,0,0,0
"4663",0,0,1,0,0,0,0,0,0
"4664",0,0,1,0,0,0,0,0,0
"4665",0,0,1,0,0,0,0,0,0
"4668",0,0,1,0,0,0,0,0,0
"4669",0,0,1,0,0,0,0,0,0
"4671",0,0,1,0,0,0,0,0,0
"4675",0,0,1,0,0,0,0,0,0
"4677",0,0,1,0,0,0,0,0,0
"4684",0,0,1,0,0,0,0,0,0
"4687",0,0,1,0,0,0,0,0,0
"4688",0,0,1,0,0,0,0,0,0
"4690",0,0,1,0,0,0,0,0,0
"4691",0,0,1,0,0,0,0,0,0
"4693",0,0,1,0,0,0,0,0,0
"4699",0,0,1,0,0,0,0,0,0
"4702",0,0,1,0,0,0,0,0,0
"4703",0,0,1,0,0,0,0,0,0
"4704",0,0,1,0,0,0,0,0,0
"4705",0,0,1,0,0,0,0,0,0
"4707",0,0,1,0,0,0,0,0,0
"4708",0,0,1,0,0,0,0,0,0
"4713",0,0,1,0,0,0,0,0,0
"4719",0,0,1,0,0,0,0,0,0
"4723",0,0,1,0,0,0,0,0,0
"4724",0,0,1,0,0,0,0,0,0
"4725",0,0,1,0,0,0,0,0,0
"4727",0,0,1,0,0,0,0,0,0
"4728",0,0,1,0,0,0,0,0,0
"4733",0,0,1,0,0,0,0,0,0
"4735",0,0,1,0,0,0,0,0,0
"4741",0,0,1,0,0,0,0,0,0
"4742",0,0,1,0,0,0,0,0,0
"4744",0,0,1,0,0,0,0,0,0
"4745",0,0,1,0,0,0,0,0,0
"4753",0,0,1,0,0,0,0,0,0
"4754",0,0,1,0,0,0,0,0,0
"4767",0,0,1,0,0,0,0,0,0
"4773",0,0,1,0,0,0,0,0,0
"4775",0,0,1,0,0,0,0,0,0
"4777",0,0,1,0,0,0,0,0,0
"4788",0,0,1,0,0,0,0,0,0
"4790",0,0,1,0,0,0,0,0,0
"4792",0,0,1,0,0,0,0,0,0
"4794",0,0,1,0,0,0,0,0,0
"4801",0,0,1,0,0,0,0,0,0
"4804",0,0,1,0,0,0,0,0,0
"4811",0,0,1,0,0,0,0,0,0
"4815",0,0,1,0,0,0,0,0,0
"4816",0,0,1,0,0,0,0,0,0
"4820",0,0,1,0,0,0,0,0,0
"4828",0,0,1,0,0,0,0,0,0
"4831",0,0,1,0,0,0,0,0,0
"4840",0,0,1,0,0,0,0,0,0
"4845",0,0,1,0,0,0,0,0,0
"4847",0,0,1,0,0,0,0,0,0
"4849",0,0,1,0,0,0,0,0,0
"4851",0,0,1,0,0,0,0,0,0
"4852",0,0,1,0,0,0,0,0,0
"4861",0,0,1,0,0,0,0,0,0
"4865",0,0,1,0,0,0,0,0,0
"4866",0,0,1,0,0,0,0,0,0
"4868",0,0,1,0,0,0,0,0,0
"4869",0,0,1,0,0,0,0,0,0
"4871",0,0,1,0,0,0,0,0,0
"4874",0,0,1,0,0,0,0,0,0
"4879",0,0,1,0,0,0,0,0,0
"4880",0,0,1,0,0,0,0,0,0
"4883",0,0,1,0,0,0,0,0,0
"4885",0,0,1,0,0,0,0,0,0
"4886",0,0,1,0,0,0,0,0,0
"4890",0,0,1,0,0,0,0,0,0
"4892",0,0,1,0,0,0,0,0,0
"4895",0,0,1,0,0,0,0,0,0
"4898",0,0,1,0,0,0,0,0,0
"4902",0,0,1,0,0,0,0,0,0
"4906",0,0,1,0,0,0,0,0,0
"4907",0,0,1,0,0,0,0,0,0
"4912",0,0,1,0,0,0,0,0,0
"4916",0,0,1,0,0,0,0,0,0
"4917",0,0,1,0,0,0,0,0,0
"4919",0,0,1,0,0,0,0,0,0
"4921",0,0,1,0,0,0,0,0,0
"4928",0,0,1,0,0,0,0,0,0
"4934",0,0,1,0,0,0,0,0,0
"4937",0,0,1,0,0,0,0,0,0
"4939",0,0,1,0,0,0,0,0,0
"4940",0,0,1,0,0,0,0,0,0
"4951",0,0,1,0,0,0,0,0,0
"4952",0,0,1,0,0,0,0,0,0
"4956",0,0,1,0,0,0,0,0,0
"4964",0,0,1,0,0,0,0,0,0
"4973",0,0,1,0,0,0,0,0,0
"4976",0,0,1,0,0,0,0,0,0
"4982",0,0,1,0,0,0,0,0,0
"4984",0,0,1,0,0,0,0,0,0
"4988",0,0,1,0,0,0,0,0,0
"4989",0,0,1,0,0,0,0,0,0
"4996",0,0,1,0,0,0,0,0,0
"4997",0,0,1,0,0,0,0,0,0
"4998",0,0,1,0,0,0,0,0,0
"5001",0,0,1,0,0,0,0,0,0
"5005",0,0,1,0,0,0,0,0,0
"5007",0,0,1,0,0,0,0,0,0
"5008",0,0,1,0,0,0,0,0,0
"5012",0,0,1,0,0,0,0,0,0
"5014",0,0,1,0,0,0,0,0,0
"5015",0,0,1,0,0,0,0,0,0
"5017",0,0,1,0,0,0,0,0,0
"5022",0,0,1,0,0,0,0,0,0
"5025",0,0,1,0,0,0,0,0,0
"5028",0,0,1,0,0,0,0,0,0
"5031",0,0,1,0,0,0,0,0,0
"5038",0,0,1,0,0,0,0,0,0
"5043",0,0,1,0,0,0,0,0,0
"5050",0,0,1,0,0,0,0,0,0
"5054",0,0,1,0,0,0,0,0,0
"5056",0,0,1,0,0,0,0,0,0
"5057",0,0,1,0,0,0,0,0,0
"5065",0,0,1,0,0,0,0,0,0
"5066",0,0,1,0,0,0,0,0,0
"5067",0,0,1,0,0,0,0,0,0
"5070",0,0,1,0,0,0,0,0,0
"5073",0,0,1,0,0,0,0,0,0
"5074",0,0,1,0,0,0,0,0,0
"5077",0,0,1,0,0,0,0,0,0
"5078",0,0,1,0,0,0,0,0,0
"5087",0,0,1,0,0,0,0,0,0
"5088",0,0,1,0,0,0,0,0,0
"5089",0,0,1,0,0,0,0,0,0
"5090",0,0,1,0,0,0,0,0,0
"5091",0,0,1,0,0,0,0,0,0
"5104",0,0,1,0,0,0,0,0,0
"5109",0,0,1,0,0,0,0,0,0
"5114",0,0,1,0,0,0,0,0,0
"5123",0,0,1,0,0,0,0,0,0
"5126",0,0,1,0,0,0,0,0,0
"5129",0,0,1,0,0,0,0,0,0
"5130",0,0,1,0,0,0,0,0,0
"5140",0,0,1,0,0,0,0,0,0
"5141",0,0,1,0,0,0,0,0,0
"5146",0,0,1,0,0,0,0,0,0
"5150",0,0,1,0,0,0,0,0,0
"5151",0,0,1,0,0,0,0,0,0
"5155",0,0,1,0,0,0,0,0,0
"5162",0,0,1,0,0,0,0,0,0
"5163",0,0,1,0,0,0,0,0,0
"5172",0,0,1,0,0,0,0,0,0
"5173",0,0,1,0,0,0,0,0,0
"5174",0,0,1,0,0,0,0,0,0
"5181",0,0,1,0,0,0,0,0,0
"5193",0,0,1,0,0,0,0,0,0
"5197",0,0,1,0,0,0,0,0,0
"5200",0,0,1,0,0,0,0,0,0
"5203",0,0,1,0,0,0,0,0,0
"5205",0,0,1,0,0,0,0,0,0
"5208",0,0,1,0,0,0,0,0,0
"5211",0,0,1,0,0,0,0,0,0
"5213",0,0,1,0,0,0,0,0,0
"5215",0,0,1,0,0,0,0,0,0
"5222",0,0,1,0,0,0,0,0,0
"5223",0,0,1,0,0,0,0,0,0
"5226",0,0,1,0,0,0,0,0,0
"5228",0,0,1,0,0,0,0,0,0
"5230",0,0,1,0,0,0,0,0,0
"5233",0,0,1,0,0,0,0,0,0
"5236",0,0,1,0,0,0,0,0,0
"5243",0,0,1,0,0,0,0,0,0
"5245",0,0,1,0,0,0,0,0,0
"5246",0,0,1,0,0,0,0,0,0
"5247",0,0,1,0,0,0,0,0,0
"5248",0,0,1,0,0,0,0,0,0
"5252",0,0,1,0,0,0,0,0,0
"5255",0,0,1,0,0,0,0,0,0
"5256",0,0,1,0,0,0,0,0,0
"5258",0,0,1,0,0,0,0,0,0
"5261",0,0,1,0,0,0,0,0,0
"5262",0,0,1,0,0,0,0,0,0
"5263",0,0,1,0,0,0,0,0,0
"5264",0,0,1,0,0,0,0,0,0
"5269",0,0,1,0,0,0,0,0,0
"5276",0,0,1,0,0,0,0,0,0
"5279",0,0,1,0,0,0,0,0,0
"5280",0,0,1,0,0,0,0,0,0
"5281",0,0,1,0,0,0,0,0,0
"5285",0,0,1,0,0,0,0,0,0
"5286",0,0,1,0,0,0,0,0,0
"5294",0,0,1,0,0,0,0,0,0
"5297",0,0,1,0,0,0,0,0,0
"5298",0,0,1,0,0,0,0,0,0
"5299",0,0,1,0,0,0,0,0,0
"5300",0,0,1,0,0,0,0,0,0
"5301",0,0,1,0,0,0,0,0,0
"5302",0,0,1,0,0,0,0,0,0
"5308",0,0,1,0,0,0,0,0,0
"5311",0,0,1,0,0,0,0,0,0
"5313",0,0,1,0,0,0,0,0,0
"5319",0,0,1,0,0,0,0,0,0
"5322",0,0,1,0,0,0,0,0,0
"5324",0,0,1,0,0,0,0,0,0
"5325",0,0,1,0,0,0,0,0,0
"5329",0,0,1,0,0,0,0,0,0
"5331",0,0,1,0,0,0,0,0,0
"5341",0,0,1,0,0,0,0,0,0
"5342",0,0,1,0,0,0,0,0,0
"5346",0,0,1,0,0,0,0,0,0
"5352",0,0,1,0,0,0,0,0,0
"5353",0,0,1,0,0,0,0,0,0
"5354",0,0,1,0,0,0,0,0,0
"5358",0,0,1,0,0,0,0,0,0
"5359",0,0,1,0,0,0,0,0,0
"5363",0,0,1,0,0,0,0,0,0
"5368",0,0,1,0,0,0,0,0,0
"5376",0,0,1,0,0,0,0,0,0
"5380",0,0,1,0,0,0,0,0,0
"5388",0,0,1,0,0,0,0,0,0
"5391",0,0,1,0,0,0,0,0,0
"5396",0,0,1,0,0,0,0,0,0
"5400",0,0,1,0,0,0,0,0,0
"5401",0,0,1,0,0,0,0,0,0
"5405",0,0,1,0,0,0,0,0,0
"5410",0,0,1,0,0,0,0,0,0
"5414",0,0,1,0,0,0,0,0,0
"5418",0,0,1,0,0,0,0,0,0
"5419",0,0,1,0,0,0,0,0,0
"5429",0,0,1,0,0,0,0,0,0
"5431",0,0,1,0,0,0,0,0,0
"5432",0,0,1,0,0,0,0,0,0
"5433",0,0,1,0,0,0,0,0,0
"5437",0,0,1,0,0,0,0,0,0
"5438",0,0,1,0,0,0,0,0,0
"5439",0,0,1,0,0,0,0,0,0
"5442",0,0,1,0,0,0,0,0,0
"5445",0,0,1,0,0,0,0,0,0
"5448",0,0,1,0,0,0,0,0,0
"5450",0,0,1,0,0,0,0,0,0
"5454",0,0,1,0,0,0,0,0,0
"5456",0,0,1,0,0,0,0,0,0
"5457",0,0,1,0,0,0,0,0,0
"5461",0,0,1,0,0,0,0,0,0
"5465",0,0,1,0,0,0,0,0,0
"5467",0,0,1,0,0,0,0,0,0
"5469",0,0,1,0,0,0,0,0,0
"5472",0,0,1,0,0,0,0,0,0
"5473",0,0,1,0,0,0,0,0,0
"5476",0,0,1,0,0,0,0,0,0
"5484",0,0,1,0,0,0,0,0,0
"5485",0,0,1,0,0,0,0,0,0
"5487",0,0,1,0,0,0,0,0,0
"5489",0,0,1,0,0,0,0,0,0
"5490",0,0,1,0,0,0,0,0,0
"5491",0,0,1,0,0,0,0,0,0
"5494",0,0,1,0,0,0,0,0,0
"5495",0,0,1,0,0,0,0,0,0
"5497",0,0,1,0,0,0,0,0,0
"5498",0,0,1,0,0,0,0,0,0
"5499",0,0,1,0,0,0,0,0,0
"5503",0,0,1,0,0,0,0,0,0
"5505",0,0,1,0,0,0,0,0,0
"5517",0,0,1,0,0,0,0,0,0
"5518",0,0,1,0,0,0,0,0,0
"5519",0,0,1,0,0,0,0,0,0
"5527",0,0,1,0,0,0,0,0,0
"5528",0,0,1,0,0,0,0,0,0
"5539",0,0,1,0,0,0,0,0,0
"5542",0,0,1,0,0,0,0,0,0
"5550",0,0,1,0,0,0,0,0,0
"5552",0,0,1,0,0,0,0,0,0
"5553",0,0,1,0,0,0,0,0,0
"5560",0,0,1,0,0,0,0,0,0
"5563",0,0,1,0,0,0,0,0,0
"5565",0,0,1,0,0,0,0,0,0
"5569",0,0,1,0,0,0,0,0,0
"5571",0,0,1,0,0,0,0,0,0
"5573",0,0,1,0,0,0,0,0,0
"5579",0,0,1,0,0,0,0,0,0
"5583",0,0,1,0,0,0,0,0,0
"5584",0,0,1,0,0,0,0,0,0
"5595",0,0,1,0,0,0,0,0,0
"5597",0,0,1,0,0,0,0,0,0
"5599",0,0,1,0,0,0,0,0,0
"5600",0,0,1,0,0,0,0,0,0
"5608",0,0,1,0,0,0,0,0,0
"5611",0,0,1,0,0,0,0,0,0
"5623",0,0,1,0,0,0,0,0,0
"5627",0,0,1,0,0,0,0,0,0
"5633",0,0,1,0,0,0,0,0,0
"5639",0,0,1,0,0,0,0,0,0
"5642",0,0,1,0,0,0,0,0,0
"5643",0,0,1,0,0,0,0,0,0
"5644",0,0,1,0,0,0,0,0,0
"5650",0,0,1,0,0,0,0,0,0
"5651",0,0,1,0,0,0,0,0,0
"5653",0,0,1,0,0,0,0,0,0
"5654",0,0,1,0,0,0,0,0,0
"5657",0,0,1,0,0,0,0,0,0
"5660",0,0,1,0,0,0,0,0,0
"5661",0,0,1,0,0,0,0,0,0
"5663",0,0,1,0,0,0,0,0,0
"5670",0,0,1,0,0,0,0,0,0
"5675",0,0,1,0,0,0,0,0,0
"5683",0,0,1,0,0,0,0,0,0
"5686",0,0,1,0,0,0,0,0,0
"5688",0,0,1,0,0,0,0,0,0
"5689",0,0,1,0,0,0,0,0,0
"5697",0,0,1,0,0,0,0,0,0
"5703",0,0,1,0,0,0,0,0,0
"5706",0,0,1,0,0,0,0,0,0
"5708",0,0,1,0,0,0,0,0,0
"5709",0,0,1,0,0,0,0,0,0
"5717",0,0,1,0,0,0,0,0,0
"5718",0,0,1,0,0,0,0,0,0
"5724",0,0,1,0,0,0,0,0,0
"5725",0,0,1,0,0,0,0,0,0
"5730",0,0,1,0,0,0,0,0,0
"5734",0,0,1,0,0,0,0,0,0
"5735",0,0,1,0,0,0,0,0,0
"5740",0,0,1,0,0,0,0,0,0
"5750",0,0,1,0,0,0,0,0,0
"5752",0,0,1,0,0,0,0,0,0
"5753",0,0,1,0,0,0,0,0,0
"5754",0,0,1,0,0,0,0,0,0
"5755",0,0,1,0,0,0,0,0,0
"5756",0,0,1,0,0,0,0,0,0
"5760",0,0,1,0,0,0,0,0,0
"5762",0,0,1,0,0,0,0,0,0
"5763",0,0,1,0,0,0,0,0,0
"5764",0,0,1,0,0,0,0,0,0
"5769",0,0,1,0,0,0,0,0,0
"5773",0,0,1,0,0,0,0,0,0
"5779",0,0,1,0,0,0,0,0,0
"5780",0,0,1,0,0,0,0,0,0
"5782",0,0,1,0,0,0,0,0,0
"5784",0,0,1,0,0,0,0,0,0
"5793",0,0,1,0,0,0,0,0,0
"5794",0,0,1,0,0,0,0,0,0
"5796",0,0,1,0,0,0,0,0,0
"5798",0,0,1,0,0,0,0,0,0
"5799",0,0,1,0,0,0,0,0,0
"5806",0,0,1,0,0,0,0,0,0
"5809",0,0,1,0,0,0,0,0,0
"5812",0,0,1,0,0,0,0,0,0
"5813",0,0,1,0,0,0,0,0,0
"5814",0,0,1,0,0,0,0,0,0
"5825",0,0,1,0,0,0,0,0,0
"5829",0,0,1,0,0,0,0,0,0
"5837",0,0,1,0,0,0,0,0,0
"5841",0,0,1,0,0,0,0,0,0
"5844",0,0,1,0,0,0,0,0,0
"5847",0,0,1,0,0,0,0,0,0
"5852",0,0,1,0,0,0,0,0,0
"5857",0,0,1,0,0,0,0,0,0
"5858",0,0,1,0,0,0,0,0,0
"5861",0,0,1,0,0,0,0,0,0
"5864",0,0,1,0,0,0,0,0,0
"5865",0,0,1,0,0,0,0,0,0
"5868",0,0,1,0,0,0,0,0,0
"5869",0,0,1,0,0,0,0,0,0
"5870",0,0,1,0,0,0,0,0,0
"5871",0,0,1,0,0,0,0,0,0
"5873",0,0,1,0,0,0,0,0,0
"5877",0,0,1,0,0,0,0,0,0
"5879",0,0,1,0,0,0,0,0,0
"5882",0,0,1,0,0,0,0,0,0
"5888",0,0,1,0,0,0,0,0,0
"5890",0,0,1,0,0,0,0,0,0
"5894",0,0,1,0,0,0,0,0,0
"5895",0,0,1,0,0,0,0,0,0
"5898",0,0,1,0,0,0,0,0,0
"5899",0,0,1,0,0,0,0,0,0
"5900",0,0,1,0,0,0,0,0,0
"5902",0,0,1,0,0,0,0,0,0
"5903",0,0,1,0,0,0,0,0,0
"5908",0,0,1,0,0,0,0,0,0
"5911",0,0,1,0,0,0,0,0,0
"5913",0,0,1,0,0,0,0,0,0
"5915",0,0,1,0,0,0,0,0,0
"5926",0,0,1,0,0,0,0,0,0
"5927",0,0,1,0,0,0,0,0,0
"5928",0,0,1,0,0,0,0,0,0
"5930",0,0,1,0,0,0,0,0,0
"5932",0,0,1,0,0,0,0,0,0
"5941",0,0,1,0,0,0,0,0,0
"5943",0,0,1,0,0,0,0,0,0
"5944",0,0,1,0,0,0,0,0,0
"5945",0,0,1,0,0,0,0,0,0
"5947",0,0,1,0,0,0,0,0,0
"5949",0,0,1,0,0,0,0,0,0
"5956",0,0,1,0,0,0,0,0,0
"5957",0,0,1,0,0,0,0,0,0
"5959",0,0,1,0,0,0,0,0,0
"5965",0,0,1,0,0,0,0,0,0
"5966",0,0,1,0,0,0,0,0,0
"5972",0,0,1,0,0,0,0,0,0
"5975",0,0,1,0,0,0,0,0,0
"5976",0,0,1,0,0,0,0,0,0
"5983",0,0,1,0,0,0,0,0,0
"5986",0,0,1,0,0,0,0,0,0
"5988",0,0,1,0,0,0,0,0,0
"5996",0,0,1,0,0,0,0,0,0
"6000",0,0,1,0,0,0,0,0,0
"6004",0,0,1,0,0,0,0,0,0
"6006",0,0,1,0,0,0,0,0,0
"6012",0,0,1,0,0,0,0,0,0
"6015",0,0,1,0,0,0,0,0,0
"6020",0,0,1,0,0,0,0,0,0
"6021",0,0,1,0,0,0,0,0,0
"6026",0,0,1,0,0,0,0,0,0
"6033",0,0,1,0,0,0,0,0,0
"6036",0,0,1,0,0,0,0,0,0
"6037",0,0,1,0,0,0,0,0,0
"6038",0,0,1,0,0,0,0,0,0
"6044",0,0,1,0,0,0,0,0,0
"6045",0,0,1,0,0,0,0,0,0
"6046",0,0,1,0,0,0,0,0,0
"6048",0,0,1,0,0,0,0,0,0
"6051",0,0,1,0,0,0,0,0,0
"6052",0,0,1,0,0,0,0,0,0
"6055",0,0,1,0,0,0,0,0,0
"6058",0,0,1,0,0,0,0,0,0
"6063",0,0,1,0,0,0,0,0,0
"6065",0,0,1,0,0,0,0,0,0
"6066",0,0,1,0,0,0,0,0,0
"6068",0,0,1,0,0,0,0,0,0
"6075",0,0,1,0,0,0,0,0,0
"6077",0,0,1,0,0,0,0,0,0
"6086",0,0,1,0,0,0,0,0,0
"6090",0,0,1,0,0,0,0,0,0
"6094",0,0,1,0,0,0,0,0,0
"6095",0,0,1,0,0,0,0,0,0
"6098",0,0,1,0,0,0,0,0,0
"6100",0,0,1,0,0,0,0,0,0
"6101",0,0,1,0,0,0,0,0,0
"6102",0,0,1,0,0,0,0,0,0
"6105",0,0,1,0,0,0,0,0,0
"6111",0,0,1,0,0,0,0,0,0
"6114",0,0,1,0,0,0,0,0,0
"6116",0,0,1,0,0,0,0,0,0
"6117",0,0,1,0,0,0,0,0,0
"6121",0,0,1,0,0,0,0,0,0
"6122",0,0,1,0,0,0,0,0,0
"6134",0,0,1,0,0,0,0,0,0
"6140",0,0,1,0,0,0,0,0,0
"6145",0,0,1,0,0,0,0,0,0
"6148",0,0,1,0,0,0,0,0,0
"6149",0,0,1,0,0,0,0,0,0
"6153",0,0,1,0,0,0,0,0,0
"6155",0,0,1,0,0,0,0,0,0
"6161",0,0,1,0,0,0,0,0,0
"6163",0,0,1,0,0,0,0,0,0
"6164",0,0,1,0,0,0,0,0,0
"6174",0,0,1,0,0,0,0,0,0
"6178",0,0,1,0,0,0,0,0,0
"6179",0,0,1,0,0,0,0,0,0
"6182",0,0,1,0,0,0,0,0,0
"6186",0,0,1,0,0,0,0,0,0
"6193",0,0,1,0,0,0,0,0,0
"6198",0,0,1,0,0,0,0,0,0
"6199",0,0,1,0,0,0,0,0,0
"6202",0,0,1,0,0,0,0,0,0
"6207",0,0,1,0,0,0,0,0,0
"6211",0,0,1,0,0,0,0,0,0
"6216",0,0,1,0,0,0,0,0,0
"6223",0,0,1,0,0,0,0,0,0
"6227",0,0,1,0,0,0,0,0,0
"6228",0,0,1,0,0,0,0,0,0
"6229",0,0,1,0,0,0,0,0,0
"6230",0,0,1,0,0,0,0,0,0
"6233",0,0,1,0,0,0,0,0,0
"6242",0,0,1,0,0,0,0,0,0
"6243",0,0,1,0,0,0,0,0,0
"6245",0,0,1,0,0,0,0,0,0
"6247",0,0,1,0,0,0,0,0,0
"6252",0,0,1,0,0,0,0,0,0
"6259",0,0,1,0,0,0,0,0,0
"6263",0,0,1,0,0,0,0,0,0
"6264",0,0,1,0,0,0,0,0,0
"6271",0,0,1,0,0,0,0,0,0
"6280",0,0,1,0,0,0,0,0,0
"6283",0,0,1,0,0,0,0,0,0
"6286",0,0,1,0,0,0,0,0,0
"6287",0,0,1,0,0,0,0,0,0
"6289",0,0,1,0,0,0,0,0,0
"6292",0,0,1,0,0,0,0,0,0
"6297",0,0,1,0,0,0,0,0,0
"6301",0,0,1,0,0,0,0,0,0
"6302",0,0,1,0,0,0,0,0,0
"6306",0,0,1,0,0,0,0,0,0
"6307",0,0,1,0,0,0,0,0,0
"6309",0,0,1,0,0,0,0,0,0
"6315",0,0,1,0,0,0,0,0,0
"6322",0,0,1,0,0,0,0,0,0
"6328",0,0,1,0,0,0,0,0,0
"6335",0,0,1,0,0,0,0,0,0
"6346",0,0,1,0,0,0,0,0,0
"6347",0,0,1,0,0,0,0,0,0
"6348",0,0,1,0,0,0,0,0,0
"6350",0,0,1,0,0,0,0,0,0
"6352",0,0,1,0,0,0,0,0,0
"6353",0,0,1,0,0,0,0,0,0
"6354",0,0,1,0,0,0,0,0,0
"6362",0,0,1,0,0,0,0,0,0
"6367",0,0,1,0,0,0,0,0,0
"6372",0,0,1,0,0,0,0,0,0
"6375",0,0,1,0,0,0,0,0,0
"6381",0,0,1,0,0,0,0,0,0
"6384",0,0,1,0,0,0,0,0,0
"6387",0,0,1,0,0,0,0,0,0
"6393",0,0,1,0,0,0,0,0,0
"6395",0,0,1,0,0,0,0,0,0
"6398",0,0,1,0,0,0,0,0,0
"6399",0,0,1,0,0,0,0,0,0
"6402",0,0,1,0,0,0,0,0,0
"6406",0,0,1,0,0,0,0,0,0
"6409",0,0,1,0,0,0,0,0,0
"6412",0,0,1,0,0,0,0,0,0
"6425",0,0,1,0,0,0,0,0,0
"6426",0,0,1,0,0,0,0,0,0
"6429",0,0,1,0,0,0,0,0,0
"6434",0,0,1,0,0,0,0,0,0
"6439",0,0,1,0,0,0,0,0,0
"6440",0,0,1,0,0,0,0,0,0
"6441",0,0,1,0,0,0,0,0,0
"6444",0,0,1,0,0,0,0,0,0
"6447",0,0,1,0,0,0,0,0,0
"6451",0,0,1,0,0,0,0,0,0
"6458",0,0,1,0,0,0,0,0,0
"6461",0,0,1,0,0,0,0,0,0
"6462",0,0,1,0,0,0,0,0,0
"6464",0,0,1,0,0,0,0,0,0
"6467",0,0,1,0,0,0,0,0,0
"6470",0,0,1,0,0,0,0,0,0
"6471",0,0,1,0,0,0,0,0,0
"6473",0,0,1,0,0,0,0,0,0
"6476",0,0,1,0,0,0,0,0,0
"6483",0,0,1,0,0,0,0,0,0
"6485",0,0,1,0,0,0,0,0,0
"6486",0,0,1,0,0,0,0,0,0
"6490",0,0,1,0,0,0,0,0,0
"6491",0,0,1,0,0,0,0,0,0
"6493",0,0,1,0,0,0,0,0,0
"6504",0,0,1,0,0,0,0,0,0
"6506",0,0,1,0,0,0,0,0,0
"6512",0,0,1,0,0,0,0,0,0
"6517",0,0,1,0,0,0,0,0,0
"6518",0,0,1,0,0,0,0,0,0
"6519",0,0,1,0,0,0,0,0,0
"6520",0,0,1,0,0,0,0,0,0
"6525",0,0,1,0,0,0,0,0,0
"6527",0,0,1,0,0,0,0,0,0
"6531",0,0,1,0,0,0,0,0,0
"6532",0,0,1,0,0,0,0,0,0
"6533",0,0,1,0,0,0,0,0,0
"6536",0,0,1,0,0,0,0,0,0
"6539",0,0,1,0,0,0,0,0,0
"6542",0,0,1,0,0,0,0,0,0
"6544",0,0,1,0,0,0,0,0,0
"6547",0,0,1,0,0,0,0,0,0
"6548",0,0,1,0,0,0,0,0,0
"6549",0,0,1,0,0,0,0,0,0
"6550",0,0,1,0,0,0,0,0,0
"6551",0,0,1,0,0,0,0,0,0
"6554",0,0,1,0,0,0,0,0,0
"6556",0,0,1,0,0,0,0,0,0
"6565",0,0,1,0,0,0,0,0,0
"6567",0,0,1,0,0,0,0,0,0
"6568",0,0,1,0,0,0,0,0,0
"6570",0,0,1,0,0,0,0,0,0
"6577",0,0,1,0,0,0,0,0,0
"6578",0,0,1,0,0,0,0,0,0
"6581",0,0,1,0,0,0,0,0,0
"6590",0,0,1,0,0,0,0,0,0
"6597",0,0,1,0,0,0,0,0,0
"6602",0,0,1,0,0,0,0,0,0
"6606",0,0,1,0,0,0,0,0,0
"6612",0,0,1,0,0,0,0,0,0
"6613",0,0,1,0,0,0,0,0,0
"6615",0,0,1,0,0,0,0,0,0
"6618",0,0,1,0,0,0,0,0,0
"6619",0,0,1,0,0,0,0,0,0
"6626",0,0,1,0,0,0,0,0,0
"6632",0,0,1,0,0,0,0,0,0
"6639",0,0,1,0,0,0,0,0,0
"6647",0,0,1,0,0,0,0,0,0
"6648",0,0,1,0,0,0,0,0,0
"6650",0,0,1,0,0,0,0,0,0
"6651",0,0,1,0,0,0,0,0,0
"6652",0,0,1,0,0,0,0,0,0
"6654",0,0,1,0,0,0,0,0,0
"6660",0,0,1,0,0,0,0,0,0
"6661",0,0,1,0,0,0,0,0,0
"6664",0,0,1,0,0,0,0,0,0
"6666",0,0,1,0,0,0,0,0,0
"6669",0,0,1,0,0,0,0,0,0
"6674",0,0,1,0,0,0,0,0,0
"6678",0,0,1,0,0,0,0,0,0
"6679",0,0,1,0,0,0,0,0,0
"6686",0,0,1,0,0,0,0,0,0
"6696",0,0,1,0,0,0,0,0,0
"6697",0,0,1,0,0,0,0,0,0
"6699",0,0,1,0,0,0,0,0,0
"6704",0,0,1,0,0,0,0,0,0
"6705",0,0,1,0,0,0,0,0,0
"6706",0,0,1,0,0,0,0,0,0
"6714",0,0,1,0,0,0,0,0,0
"6726",0,0,1,0,0,0,0,0,0
"6728",0,0,1,0,0,0,0,0,0
"6736",0,0,1,0,0,0,0,0,0
"6737",0,0,1,0,0,0,0,0,0
"6739",0,0,1,0,0,0,0,0,0
"6743",0,0,1,0,0,0,0,0,0
"6749",0,0,1,0,0,0,0,0,0
"6750",0,0,1,0,0,0,0,0,0
"6751",0,0,1,0,0,0,0,0,0
"6752",0,0,1,0,0,0,0,0,0
"6755",0,0,1,0,0,0,0,0,0
"6759",0,0,1,0,0,0,0,0,0
"6760",0,0,1,0,0,0,0,0,0
"6762",0,0,1,0,0,0,0,0,0
"6763",0,0,1,0,0,0,0,0,0
"6767",0,0,1,0,0,0,0,0,0
"6771",0,0,1,0,0,0,0,0,0
"6772",0,0,1,0,0,0,0,0,0
"6774",0,0,1,0,0,0,0,0,0
"6778",0,0,1,0,0,0,0,0,0
"6779",0,0,1,0,0,0,0,0,0
"6780",0,0,1,0,0,0,0,0,0
"6781",0,0,1,0,0,0,0,0,0
"6784",0,0,1,0,0,0,0,0,0
"6785",0,0,1,0,0,0,0,0,0
"6787",0,0,1,0,0,0,0,0,0
"6791",0,0,1,0,0,0,0,0,0
"6792",0,0,1,0,0,0,0,0,0
"6794",0,0,1,0,0,0,0,0,0
"6796",0,0,1,0,0,0,0,0,0
"6797",0,0,1,0,0,0,0,0,0
"6799",0,0,1,0,0,0,0,0,0
"6801",0,0,1,0,0,0,0,0,0
"6805",0,0,1,0,0,0,0,0,0
"6807",0,0,1,0,0,0,0,0,0
"6809",0,0,1,0,0,0,0,0,0
"6812",0,0,1,0,0,0,0,0,0
"6814",0,0,1,0,0,0,0,0,0
"6819",0,0,1,0,0,0,0,0,0
"6822",0,0,1,0,0,0,0,0,0
"6830",0,0,1,0,0,0,0,0,0
"6832",0,0,1,0,0,0,0,0,0
"6833",0,0,1,0,0,0,0,0,0
"6835",0,0,1,0,0,0,0,0,0
"6842",0,0,1,0,0,0,0,0,0
"6845",0,0,1,0,0,0,0,0,0
"6846",0,0,1,0,0,0,0,0,0
"6848",0,0,1,0,0,0,0,0,0
"6849",0,0,1,0,0,0,0,0,0
"6851",0,0,1,0,0,0,0,0,0
"6853",0,0,1,0,0,0,0,0,0
"6854",0,0,1,0,0,0,0,0,0
"6856",0,0,1,0,0,0,0,0,0
"6863",0,0,1,0,0,0,0,0,0
"6866",0,0,1,0,0,0,0,0,0
"6869",0,0,1,0,0,0,0,0,0
"6874",0,0,1,0,0,0,0,0,0
"6875",0,0,1,0,0,0,0,0,0
"6877",0,0,1,0,0,0,0,0,0
"6879",0,0,1,0,0,0,0,0,0
"6880",0,0,1,0,0,0,0,0,0
"6884",0,0,1,0,0,0,0,0,0
"6891",0,0,1,0,0,0,0,0,0
"6892",0,0,1,0,0,0,0,0,0
"6893",0,0,1,0,0,0,0,0,0
"6896",0,0,1,0,0,0,0,0,0
"6909",0,0,1,0,0,0,0,0,0
"6910",0,0,1,0,0,0,0,0,0
"6912",0,0,1,0,0,0,0,0,0
"6913",0,0,1,0,0,0,0,0,0
"6925",0,0,1,0,0,0,0,0,0
"6927",0,0,1,0,0,0,0,0,0
"6930",0,0,1,0,0,0,0,0,0
"6935",0,0,1,0,0,0,0,0,0
"6939",0,0,1,0,0,0,0,0,0
"6946",0,0,1,0,0,0,0,0,0
"6948",0,0,1,0,0,0,0,0,0
"6950",0,0,0.996,0.004,0,0,0,0,0
"6951",0,0,0.996,0.004,0,0,0,0,0
"6952",0,0,0.998,0.002,0,0,0,0,0
"6959",0,0,0.996,0.004,0,0,0,0,0
"6962",0,0,0.338,0.662,0,0,0,0,0
"6963",0,0,0.178,0.822,0,0,0,0,0
"6965",0,0,0.032,0.968,0,0,0,0,0
"6966",0,0,0.014,0.986,0,0,0,0,0
"6970",0,0,0,1,0,0,0,0,0
"6975",0,0,0,1,0,0,0,0,0
"6979",0,0,0,1,0,0,0,0,0
"6983",0,0,0,1,0,0,0,0,0
"6984",0,0,0,1,0,0,0,0,0
"6986",0,0.002,0,0.998,0,0,0,0,0
"6993",0,0,0,1,0,0,0,0,0
"6994",0,0,0,1,0,0,0,0,0
"6995",0,0,0,1,0,0,0,0,0
"6997",0,0,0,1,0,0,0,0,0
"7001",0,0,0,1,0,0,0,0,0
"7004",0,0,0,1,0,0,0,0,0
"7005",0,0,0,1,0,0,0,0,0
"7007",0,0,0,1,0,0,0,0,0
"7010",0,0,0,1,0,0,0,0,0
"7019",0,0,0,1,0,0,0,0,0
"7022",0,0,0,1,0,0,0,0,0
"7029",0,0,0,1,0,0,0,0,0
"7035",0,0,0,1,0,0,0,0,0
"7037",0,0,0,1,0,0,0,0,0
"7038",0,0,0,1,0,0,0,0,0
"7039",0,0,0,1,0,0,0,0,0
"7040",0,0,0,1,0,0,0,0,0
"7049",0,0,0,1,0,0,0,0,0
"7053",0,0,0,1,0,0,0,0,0
"7058",0,0,0,1,0,0,0,0,0
"7059",0,0,0,1,0,0,0,0,0
"7062",0,0,0,1,0,0,0,0,0
"7064",0,0,0,1,0,0,0,0,0
"7065",0,0,0,1,0,0,0,0,0
"7073",0,0,0,1,0,0,0,0,0
"7075",0,0,0,1,0,0,0,0,0
"7083",0,0,0,1,0,0,0,0,0
"7093",0,0,0,1,0,0,0,0,0
"7096",0,0,0,1,0,0,0,0,0
"7098",0,0,0,1,0,0,0,0,0
"7101",0,0,0,1,0,0,0,0,0
"7102",0,0,0,1,0,0,0,0,0
"7106",0,0,0,1,0,0,0,0,0
"7108",0,0,0,1,0,0,0,0,0
"7109",0,0,0,1,0,0,0,0,0
"7114",0,0,0,1,0,0,0,0,0
"7115",0,0,0,1,0,0,0,0,0
"7120",0,0,0,1,0,0,0,0,0
"7121",0,0,0,1,0,0,0,0,0
"7122",0,0,0,1,0,0,0,0,0
"7133",0,0,0,1,0,0,0,0,0
"7134",0,0,0,1,0,0,0,0,0
"7136",0,0,0,1,0,0,0,0,0
"7139",0,0,0,1,0,0,0,0,0
"7140",0,0,0,1,0,0,0,0,0
"7142",0,0,0,1,0,0,0,0,0
"7147",0,0,0,1,0,0,0,0,0
"7149",0,0,0,1,0,0,0,0,0
"7150",0,0,0,1,0,0,0,0,0
"7152",0,0,0,1,0,0,0,0,0
"7157",0,0,0,1,0,0,0,0,0
"7158",0,0,0,1,0,0,0,0,0
"7161",0,0,0,1,0,0,0,0,0
"7164",0,0,0,1,0,0,0,0,0
"7169",0,0,0,1,0,0,0,0,0
"7171",0,0,0,1,0,0,0,0,0
"7172",0,0,0,1,0,0,0,0,0
"7176",0,0,0,1,0,0,0,0,0
"7178",0,0,0,1,0,0,0,0,0
"7179",0,0,0,1,0,0,0,0,0
"7185",0,0,0,1,0,0,0,0,0
"7187",0,0,0,1,0,0,0,0,0
"7189",0,0,0,1,0,0,0,0,0
"7206",0,0,0,1,0,0,0,0,0
"7213",0,0,0,1,0,0,0,0,0
"7217",0,0,0,1,0,0,0,0,0
"7218",0,0,0,1,0,0,0,0,0
"7225",0,0,0,1,0,0,0,0,0
"7232",0,0,0,1,0,0,0,0,0
"7233",0,0,0,1,0,0,0,0,0
"7240",0,0,0,1,0,0,0,0,0
"7243",0,0,0,1,0,0,0,0,0
"7249",0,0,0,1,0,0,0,0,0
"7252",0,0,0,1,0,0,0,0,0
"7255",0,0,0,1,0,0,0,0,0
"7258",0,0,0,1,0,0,0,0,0
"7259",0,0,0,1,0,0,0,0,0
"7263",0,0,0,1,0,0,0,0,0
"7267",0,0,0,1,0,0,0,0,0
"7270",0,0,0,1,0,0,0,0,0
"7275",0,0,0,1,0,0,0,0,0
"7277",0,0,0,1,0,0,0,0,0
"7283",0,0,0,1,0,0,0,0,0
"7286",0,0,0,1,0,0,0,0,0
"7289",0,0,0,1,0,0,0,0,0
"7290",0,0,0,1,0,0,0,0,0
"7305",0,0,0,1,0,0,0,0,0
"7310",0,0,0,1,0,0,0,0,0
"7311",0,0,0,1,0,0,0,0,0
"7319",0,0,0,1,0,0,0,0,0
"7322",0,0,0,1,0,0,0,0,0
"7323",0,0,0,1,0,0,0,0,0
"7326",0,0,0,1,0,0,0,0,0
"7327",0,0,0,1,0,0,0,0,0
"7328",0,0,0,1,0,0,0,0,0
"7329",0,0,0,1,0,0,0,0,0
"7337",0,0,0,1,0,0,0,0,0
"7339",0,0,0,1,0,0,0,0,0
"7341",0,0,0,1,0,0,0,0,0
"7343",0,0,0,1,0,0,0,0,0
"7352",0,0,0,1,0,0,0,0,0
"7353",0,0,0,1,0,0,0,0,0
"7357",0,0,0,1,0,0,0,0,0
"7360",0,0,0,1,0,0,0,0,0
"7364",0,0,0,1,0,0,0,0,0
"7365",0,0,0,1,0,0,0,0,0
"7367",0,0,0,1,0,0,0,0,0
"7369",0,0,0,1,0,0,0,0,0
"7372",0,0,0,1,0,0,0,0,0
"7374",0,0,0,1,0,0,0,0,0
"7377",0,0,0,1,0,0,0,0,0
"7381",0,0,0,1,0,0,0,0,0
"7382",0,0,0,1,0,0,0,0,0
"7383",0,0,0,1,0,0,0,0,0
"7386",0,0,0,1,0,0,0,0,0
"7387",0,0,0,1,0,0,0,0,0
"7390",0,0,0,1,0,0,0,0,0
"7391",0,0,0,1,0,0,0,0,0
"7394",0,0,0,1,0,0,0,0,0
"7396",0,0,0,1,0,0,0,0,0
"7397",0,0,0,1,0,0,0,0,0
"7400",0,0,0,1,0,0,0,0,0
"7401",0,0,0,1,0,0,0,0,0
"7403",0,0,0,1,0,0,0,0,0
"7412",0,0,0,1,0,0,0,0,0
"7414",0,0,0,1,0,0,0,0,0
"7423",0,0,0,1,0,0,0,0,0
"7424",0,0,0,1,0,0,0,0,0
"7425",0,0,0,1,0,0,0,0,0
"7426",0,0,0,1,0,0,0,0,0
"7431",0,0,0,0.998,0.002,0,0,0,0
"7432",0,0,0,0.988,0.012,0,0,0,0
"7436",0,0,0,0.924,0.076,0,0,0,0
"7443",0,0,0,0,1,0,0,0,0
"7450",0,0,0,0,1,0,0,0,0
"7451",0,0,0,0,1,0,0,0,0
"7453",0,0,0,0,1,0,0,0,0
"7457",0,0,0,0,1,0,0,0,0
"7459",0,0,0,0.002,0.998,0,0,0,0
"7461",0,0,0,0,1,0,0,0,0
"7464",0,0,0,0,1,0,0,0,0
"7465",0,0,0,0,1,0,0,0,0
"7473",0,0,0,0,0.984,0.016,0,0,0
"7476",0,0,0,0,0.89,0.11,0,0,0
"7477",0,0,0,0,0.674,0.326,0,0,0
"7478",0,0,0,0,0.282,0.718,0,0,0
"7480",0,0,0,0,0.186,0.814,0,0,0
"7496",0,0.002,0,0,0,0.998,0,0,0
"7497",0,0.002,0,0,0,0.998,0,0,0
"7498",0,0.002,0,0,0,0.998,0,0,0
"7499",0,0,0,0,0,1,0,0,0
"7500",0,0,0,0,0,1,0,0,0
"7502",0,0,0,0,0,1,0,0,0
"7503",0,0,0,0,0,1,0,0,0
"7507",0,0,0,0,0,1,0,0,0
"7509",0,0,0,0,0,1,0,0,0
"7513",0,0,0,0,0.002,0.998,0,0,0
"7517",0,0,0,0,0,1,0,0,0
"7518",0,0,0,0,0,1,0,0,0
"7520",0,0,0,0,0,1,0,0,0
"7524",0,0,0,0,0,1,0,0,0
"7525",0,0,0,0,0,1,0,0,0
"7526",0,0,0,0,0,1,0,0,0
"7529",0,0,0,0,0,1,0,0,0
"7530",0,0,0,0,0,1,0,0,0
"7534",0,0,0,0,0,1,0,0,0
"7535",0,0,0,0,0,1,0,0,0
"7541",0,0,0,0,0,1,0,0,0
"7544",0,0,0,0,0,1,0,0,0
"7554",0,0,0,0,0,1,0,0,0
"7559",0,0,0,0,0,1,0,0,0
"7560",0,0,0,0,0,1,0,0,0
"7566",0,0,0,0,0,1,0,0,0
"7572",0,0,0,0,0,1,0,0,0
"7576",0,0,0,0,0,1,0,0,0
"7577",0,0,0,0,0,1,0,0,0
"7581",0,0,0,0,0,1,0,0,0
"7582",0,0,0,0,0,1,0,0,0
"7583",0,0,0,0,0,1,0,0,0
"7588",0,0,0,0,0,1,0,0,0
"7592",0,0,0,0,0,1,0,0,0
"7599",0,0,0,0,0,1,0,0,0
"7601",0,0,0,0,0,1,0,0,0
"7602",0,0,0,0,0,1,0,0,0
"7610",0,0,0,0,0,1,0,0,0
"7612",0,0,0,0,0,1,0,0,0
"7614",0,0,0,0,0,1,0,0,0
"7616",0,0,0,0,0,1,0,0,0
"7618",0,0,0,0,0,1,0,0,0
"7621",0,0.002,0,0,0,0.998,0,0,0
"7625",0,0,0,0,0,1,0,0,0
"7631",0,0,0,0,0,1,0,0,0
"7635",0,0,0,0,0,1,0,0,0
"7638",0,0,0,0,0,1,0,0,0
"7639",0,0,0,0,0,1,0,0,0
"7644",0,0,0,0,0,1,0,0,0
"7648",0,0,0,0,0,1,0,0,0
"7649",0,0,0,0,0,1,0,0,0
"7650",0,0,0,0,0,1,0,0,0
"7652",0,0,0,0,0,1,0,0,0
"7659",0,0,0,0,0,1,0,0,0
"7662",0,0,0,0,0,1,0,0,0
"7664",0,0,0,0,0,1,0,0,0
"7665",0,0,0,0,0,1,0,0,0
"7671",0,0,0,0,0,1,0,0,0
"7674",0,0,0,0,0,1,0,0,0
"7675",0,0,0,0,0,1,0,0,0
"7682",0,0,0,0,0,1,0,0,0
"7687",0,0,0,0,0,1,0,0,0
"7689",0,0,0,0,0,1,0,0,0
"7690",0,0,0,0,0,1,0,0,0
"7691",0,0,0,0,0,1,0,0,0
"7692",0,0,0,0,0,1,0,0,0
"7694",0,0,0,0,0,1,0,0,0
"7703",0,0,0,0,0,1,0,0,0
"7706",0,0,0,0,0,1,0,0,0
"7713",0,0,0,0,0,1,0,0,0
"7715",0,0,0,0,0,1,0,0,0
"7717",0,0,0,0,0,1,0,0,0
"7722",0,0,0,0,0,1,0,0,0
"7724",0,0,0,0,0,1,0,0,0
"7725",0,0,0,0,0,1,0,0,0
"7729",0,0,0,0,0,1,0,0,0
"7733",0,0,0,0,0,1,0,0,0
"7736",0,0,0,0,0,1,0,0,0
"7746",0,0,0,0,0,1,0,0,0
"7751",0,0,0,0,0,1,0,0,0
"7754",0,0,0,0,0,1,0,0,0
"7756",0,0,0,0,0,1,0,0,0
"7758",0,0,0,0,0,1,0,0,0
"7761",0,0,0,0,0,1,0,0,0
"7765",0,0,0,0,0,1,0,0,0
"7770",0,0,0,0,0,1,0,0,0
"7773",0,0,0,0,0,1,0,0,0
"7776",0,0,0,0,0,1,0,0,0
"7790",0,0,0,0,0,1,0,0,0
"7797",0,0,0,0,0,1,0,0,0
"7801",0,0,0,0,0,1,0,0,0
"7802",0,0,0,0,0,1,0,0,0
"7803",0,0,0,0,0,1,0,0,0
"7805",0,0,0,0,0,1,0,0,0
"7806",0,0,0,0,0,1,0,0,0
"7818",0,0,0,0,0,1,0,0,0
"7820",0,0,0,0,0,1,0,0,0
"7822",0,0,0,0,0,1,0,0,0
"7825",0,0,0,0,0,1,0,0,0
"7826",0,0,0,0,0,1,0,0,0
"7840",0,0,0,0,0,1,0,0,0
"7842",0,0,0,0,0,1,0,0,0
"7843",0,0,0,0,0,1,0,0,0
"7846",0,0,0,0,0,1,0,0,0
"7847",0,0,0,0,0,1,0,0,0
"7848",0,0,0,0,0,1,0,0,0
"7850",0,0,0,0,0,1,0,0,0
"7851",0,0,0,0,0,1,0,0,0
"7852",0,0,0,0,0,1,0,0,0
"7853",0,0,0,0,0,1,0,0,0
"7858",0,0,0,0,0,1,0,0,0
"7862",0,0,0,0,0,1,0,0,0
"7863",0,0,0,0,0,1,0,0,0
"7864",0,0,0,0,0,1,0,0,0
"7871",0,0,0,0,0,1,0,0,0
"7875",0,0,0,0,0,1,0,0,0
"7876",0,0,0,0,0,1,0,0,0
"7878",0,0,0,0,0,1,0,0,0
"7881",0,0,0,0,0,1,0,0,0
"7884",0,0,0,0,0,1,0,0,0
"7886",0,0,0,0,0,1,0,0,0
"7897",0,0,0,0,0,1,0,0,0
"7898",0,0,0,0,0,1,0,0,0
"7901",0,0,0,0,0,1,0,0,0
"7906",0,0,0,0,0,1,0,0,0
"7909",0,0,0,0,0,1,0,0,0
"7914",0,0,0,0,0,1,0,0,0
"7915",0,0,0,0,0,1,0,0,0
"7916",0,0,0,0,0,1,0,0,0
"7921",0,0,0,0,0,1,0,0,0
"7922",0,0,0,0,0,1,0,0,0
"7923",0,0,0,0,0,1,0,0,0
"7925",0,0,0,0,0,1,0,0,0
"7926",0,0,0,0,0,1,0,0,0
"7927",0,0,0,0,0,1,0,0,0
"7930",0,0,0,0,0,1,0,0,0
"7932",0,0,0,0,0,1,0,0,0
"7935",0,0,0,0,0,1,0,0,0
"7945",0,0,0,0,0,1,0,0,0
"7946",0,0,0,0,0,1,0,0,0
"7947",0,0,0,0,0,1,0,0,0
"7950",0,0,0,0,0,1,0,0,0
"7955",0,0,0,0,0,1,0,0,0
"7960",0,0,0,0,0,1,0,0,0
"7963",0,0,0,0,0,1,0,0,0
"7965",0,0,0,0,0,1,0,0,0
"7968",0,0,0,0,0,1,0,0,0
"7970",0,0,0,0,0,1,0,0,0
"7975",0,0,0,0,0,1,0,0,0
"7979",0,0,0,0,0,1,0,0,0
"7980",0,0,0,0,0,1,0,0,0
"7983",0,0,0,0,0,1,0,0,0
"7985",0,0,0,0,0,1,0,0,0
"7986",0,0,0,0,0,1,0,0,0
"7994",0,0,0,0,0,1,0,0,0
"7996",0,0,0,0,0,1,0,0,0
"8001",0,0,0,0,0,1,0,0,0
"8014",0,0,0,0,0,1,0,0,0
"8016",0,0,0,0,0,1,0,0,0
"8024",0,0,0,0,0,1,0,0,0
"8026",0,0,0,0,0,1,0,0,0
"8027",0,0,0,0,0,1,0,0,0
"8029",0,0,0,0,0,1,0,0,0
"8030",0,0,0,0,0,1,0,0,0
"8034",0,0,0,0,0,1,0,0,0
"8035",0,0,0,0,0,1,0,0,0
"8039",0,0,0,0,0,1,0,0,0
"8042",0,0,0,0,0,1,0,0,0
"8044",0,0,0,0,0,1,0,0,0
"8049",0,0,0,0,0,1,0,0,0
"8050",0,0,0,0,0,1,0,0,0
"8051",0,0,0,0,0,1,0,0,0
"8057",0,0,0,0,0,1,0,0,0
"8070",0,0,0,0,0,1,0,0,0
"8073",0,0,0,0,0,1,0,0,0
"8077",0,0,0,0,0,1,0,0,0
"8078",0,0,0,0,0,1,0,0,0
"8090",0,0,0,0,0,1,0,0,0
"8096",0,0,0,0,0,1,0,0,0
"8101",0,0,0,0,0,1,0,0,0
"8102",0,0,0,0,0,1,0,0,0
"8107",0,0,0,0,0,1,0,0,0
"8111",0,0,0,0,0,1,0,0,0
"8114",0,0,0,0,0,1,0,0,0
"8117",0,0,0,0,0,1,0,0,0
"8127",0,0,0,0,0,1,0,0,0
"8128",0,0,0,0,0,1,0,0,0
"8133",0,0,0,0,0,1,0,0,0
"8136",0,0,0,0,0,1,0,0,0
"8147",0,0,0,0,0,1,0,0,0
"8148",0,0,0,0,0,1,0,0,0
"8150",0,0,0,0,0,1,0,0,0
"8153",0,0,0,0,0,1,0,0,0
"8156",0,0,0,0,0,1,0,0,0
"8157",0,0,0,0,0,1,0,0,0
"8158",0,0,0,0,0,1,0,0,0
"8159",0,0,0,0,0,1,0,0,0
"8160",0,0,0,0,0,1,0,0,0
"8162",0,0,0,0,0,1,0,0,0
"8164",0,0,0,0,0,1,0,0,0
"8170",0,0,0,0,0,1,0,0,0
"8171",0,0,0,0,0,1,0,0,0
"8172",0,0,0,0,0,1,0,0,0
"8173",0,0,0,0,0,1,0,0,0
"8175",0,0,0,0,0,1,0,0,0
"8176",0,0,0,0,0,1,0,0,0
"8177",0,0,0,0,0,1,0,0,0
"8178",0,0,0,0,0,1,0,0,0
"8182",0,0,0,0,0,1,0,0,0
"8183",0,0,0,0,0,1,0,0,0
"8188",0,0,0,0,0,1,0,0,0
"8191",0,0,0,0,0,1,0,0,0
"8196",0,0,0,0,0,1,0,0,0
"8198",0,0,0,0,0,1,0,0,0
"8213",0,0,0,0,0,1,0,0,0
"8214",0,0,0,0,0,1,0,0,0
"8215",0,0,0,0,0,1,0,0,0
"8218",0,0,0,0,0,0.998,0.002,0,0
"8220",0,0.002,0.002,0,0,0.98,0.016,0,0
"8225",0,0,0,0,0,0.584,0.416,0,0
"8226",0,0,0,0,0,0.474,0.526,0,0
"8227",0,0,0,0,0,0.446,0.554,0,0
"8228",0,0,0,0,0,0.418,0.582,0,0
"8229",0,0,0,0,0,0.038,0.962,0,0
"8242",0,0,0,0,0,0,1,0,0
"8247",0,0,0,0,0,0,1,0,0
"8251",0,0,0,0,0,0,1,0,0
"8252",0,0,0,0,0,0,1,0,0
"8257",0,0,0,0,0,0,1,0,0
"8264",0,0,0,0,0,0,1,0,0
"8272",0,0,0,0,0,0,1,0,0
"8274",0,0,0,0,0,0,1,0,0
"8278",0,0,0,0,0,0,1,0,0
"8279",0,0,0,0,0,0,1,0,0
"8284",0,0,0,0,0,0,1,0,0
"8289",0,0,0,0,0,0,1,0,0
"8291",0,0,0,0,0,0,1,0,0
"8293",0,0,0,0,0,0,1,0,0
"8295",0,0,0,0,0,0,1,0,0
"8297",0,0,0,0,0,0,1,0,0
"8300",0,0,0,0,0,0,1,0,0
"8307",0,0,0,0,0,0,1,0,0
"8309",0,0,0,0,0,0,1,0,0
"8310",0,0,0,0,0,0,1,0,0
"8321",0,0,0,0,0,0,1,0,0
"8323",0,0,0,0,0,0,1,0,0
"8324",0,0,0,0,0,0,1,0,0
"8326",0,0,0,0,0,0,1,0,0
"8327",0,0,0,0,0,0,1,0,0
"8328",0,0,0,0,0,0,1,0,0
"8333",0,0,0,0,0,0,1,0,0
"8335",0,0,0,0,0,0,1,0,0
"8346",0,0,0,0,0,0,1,0,0
"8347",0,0,0,0,0,0,1,0,0
"8348",0,0,0,0,0,0,1,0,0
"8352",0,0,0,0,0,0,1,0,0
"8353",0,0,0,0,0,0,1,0,0
"8358",0,0,0,0,0,0,1,0,0
"8361",0,0,0,0,0,0,1,0,0
"8365",0,0,0,0,0,0,1,0,0
"8377",0,0,0,0,0,0,1,0,0
"8379",0,0,0,0,0,0,1,0,0
"8385",0,0,0,0,0,0,1,0,0
"8386",0,0,0,0,0,0,1,0,0
"8391",0,0,0,0,0,0,1,0,0
"8396",0,0,0,0,0,0,1,0,0
"8397",0,0,0,0,0,0,1,0,0
"8405",0,0,0,0,0,0,1,0,0
"8406",0,0,0,0,0,0,1,0,0
"8409",0,0,0,0,0,0,1,0,0
"8410",0,0,0,0,0,0,1,0,0
"8415",0,0,0,0,0,0,1,0,0
"8417",0,0,0,0,0,0,1,0,0
"8418",0,0,0,0,0,0,1,0,0
"8420",0,0,0,0,0,0,1,0,0
"8421",0,0,0,0,0,0,1,0,0
"8425",0,0,0,0,0,0,1,0,0
"8428",0,0,0,0,0,0,1,0,0
"8429",0,0,0,0,0,0,1,0,0
"8431",0,0,0,0,0,0,1,0,0
"8434",0,0,0,0,0,0,1,0,0
"8435",0,0,0,0,0,0,1,0,0
"8444",0,0,0,0,0,0,1,0,0
"8445",0,0,0,0,0,0,1,0,0
"8447",0,0,0,0,0,0,1,0,0
"8448",0,0,0,0,0,0,1,0,0
"8449",0,0,0,0,0,0,1,0,0
"8451",0,0,0,0,0,0,1,0,0
"8458",0,0,0,0,0,0,1,0,0
"8459",0,0,0,0,0,0,1,0,0
"8462",0,0,0,0,0,0,1,0,0
"8465",0,0,0,0,0,0,1,0,0
"8466",0,0,0,0,0,0,1,0,0
"8470",0,0,0,0,0,0,1,0,0
"8472",0,0,0,0,0,0,1,0,0
"8473",0,0,0,0,0,0,1,0,0
"8474",0,0,0,0,0,0,1,0,0
"8476",0,0,0,0,0,0,1,0,0
"8478",0,0,0,0,0,0,1,0,0
"8479",0,0,0,0,0,0,1,0,0
"8481",0,0,0,0,0,0,1,0,0
"8488",0,0,0,0,0,0,1,0,0
"8489",0,0,0,0,0,0,1,0,0
"8490",0,0,0,0,0,0,1,0,0
"8492",0,0,0,0,0,0,1,0,0
"8493",0,0,0,0,0,0,1,0,0
"8494",0,0,0,0,0,0,1,0,0
"8496",0,0,0,0,0,0,1,0,0
"8502",0,0,0,0,0,0,1,0,0
"8503",0,0,0,0,0,0,1,0,0
"8505",0,0,0,0,0,0,1,0,0
"8512",0,0,0,0,0,0,1,0,0
"8525",0,0,0,0,0,0,1,0,0
"8530",0,0,0,0,0,0,1,0,0
"8531",0,0,0,0,0,0,1,0,0
"8544",0,0,0,0,0,0,1,0,0
"8546",0,0,0,0,0,0,1,0,0
"8549",0,0,0,0,0,0,1,0,0
"8551",0,0,0,0,0,0,1,0,0
"8552",0,0,0,0,0,0,1,0,0
"8557",0,0,0,0,0,0,1,0,0
"8561",0,0,0,0,0,0,1,0,0
"8562",0,0,0,0,0,0,1,0,0
"8565",0,0,0,0,0,0,1,0,0
"8568",0,0,0,0,0,0,1,0,0
"8570",0,0,0,0,0,0,1,0,0
"8575",0,0,0,0,0,0,1,0,0
"8583",0,0,0,0,0,0,1,0,0
"8588",0,0,0,0,0,0,1,0,0
"8589",0,0,0,0,0,0,1,0,0
"8593",0,0,0,0,0,0,1,0,0
"8595",0,0,0,0,0,0,1,0,0
"8602",0,0,0,0,0,0,1,0,0
"8605",0,0,0,0,0,0,1,0,0
"8606",0,0,0,0,0,0,1,0,0
"8607",0,0,0,0,0,0,1,0,0
"8613",0,0,0,0,0,0,1,0,0
"8614",0,0,0,0,0,0,0.998,0.002,0
"8617",0,0,0,0,0,0,1,0,0
"8622",0,0,0,0,0,0,0.994,0.006,0
"8624",0,0,0,0,0,0,0.968,0.032,0
"8625",0,0,0,0,0,0,0.968,0.032,0
"8627",0,0,0,0,0,0,0.22,0.78,0
"8629",0,0,0,0,0,0,0.136,0.864,0
"8630",0,0,0,0,0,0,0.124,0.876,0
"8632",0,0,0,0,0,0,0.08,0.92,0
"8637",0,0,0,0,0,0,0.002,0.998,0
"8639",0,0,0,0,0,0,0.002,0.998,0
"8644",0,0,0,0,0,0,0,1,0
"8648",0,0,0,0,0,0,0,1,0
"8650",0,0,0,0,0,0,0,1,0
"8652",0,0,0,0,0,0,0,1,0
"8653",0,0,0,0,0,0,0,1,0
"8655",0,0,0,0,0,0,0,1,0
"8656",0,0,0,0,0,0,0,1,0
"8659",0,0,0,0,0,0,0,1,0
"8661",0,0,0,0,0,0,0,1,0
"8662",0,0,0,0,0,0,0,1,0
"8665",0,0,0,0,0,0,0,1,0
"8666",0,0,0,0,0,0,0,1,0
"8669",0,0,0,0,0,0,0,1,0
"8671",0,0,0,0,0,0,0,1,0
"8684",0,0,0,0,0,0,0,1,0
"8687",0,0,0,0,0,0,0,1,0
"8693",0,0,0,0,0,0,0,1,0
"8694",0,0,0,0,0,0,0,1,0
"8703",0,0,0,0,0,0,0,1,0
"8704",0,0,0,0,0,0,0,1,0
"8708",0,0,0,0,0,0,0,1,0
"8710",0,0,0,0,0,0,0,1,0
"8712",0,0,0,0,0,0,0,1,0
"8714",0,0,0,0,0,0,0,1,0
"8716",0,0,0,0,0,0,0,1,0
"8717",0,0,0,0,0,0,0,1,0
"8725",0,0,0,0,0,0,0,1,0
"8729",0,0,0,0,0,0,0,1,0
"8730",0,0,0,0,0,0,0,1,0
"8740",0,0,0,0,0,0,0,1,0
"8741",0,0,0,0,0,0,0,1,0
"8744",0,0,0,0,0,0,0,1,0
"8746",0,0,0,0,0,0,0,1,0
"8747",0,0,0,0,0,0,0,1,0
"8748",0,0,0,0,0,0,0,1,0
"8750",0,0,0,0,0,0,0,1,0
"8753",0,0,0,0,0,0,0,1,0
"8754",0,0,0,0,0,0,0,1,0
"8755",0,0,0,0,0,0,0,1,0
"8758",0,0,0,0,0,0,0,1,0
"8764",0,0,0,0,0,0,0,1,0
"8773",0,0,0,0,0,0,0,1,0
"8781",0,0,0,0,0,0,0,1,0
"8791",0,0,0,0,0,0,0,1,0
"8794",0,0,0,0,0,0,0,1,0
"8795",0,0,0,0,0,0,0,1,0
"8796",0,0,0,0,0,0,0,1,0
"8800",0,0,0,0,0,0,0,1,0
"8803",0,0,0,0,0,0,0,1,0
"8805",0,0,0,0,0,0,0,1,0
"8808",0,0,0,0,0,0,0,1,0
"8812",0,0,0,0,0,0,0,1,0
"8814",0,0,0,0,0,0,0,1,0
"8819",0,0,0,0,0,0,0,1,0
"8820",0,0,0,0,0,0,0,1,0
"8829",0,0,0,0,0,0,0,1,0
"8830",0,0,0,0,0,0,0,1,0
"8831",0,0,0,0,0,0,0,1,0
"8836",0,0,0,0,0,0,0,1,0
"8841",0,0,0,0,0,0,0,1,0
"8846",0,0,0,0,0,0,0,1,0
"8847",0,0,0,0,0,0,0,1,0
"8849",0,0,0,0,0,0,0,1,0
"8854",0,0,0,0,0,0,0,1,0
"8858",0,0,0,0,0,0,0,1,0
"8860",0,0,0,0,0,0,0,1,0
"8869",0,0,0,0,0,0,0,1,0
"8870",0,0,0,0,0,0,0,1,0
"8872",0,0,0,0,0,0,0,1,0
"8873",0,0,0,0,0,0,0,1,0
"8882",0,0,0,0,0,0,0,1,0
"8885",0,0,0,0,0,0,0,1,0
"8888",0,0,0,0,0,0,0,1,0
"8890",0,0,0,0,0,0,0,1,0
"8894",0,0,0,0,0,0,0,1,0
"8900",0,0,0,0,0,0,0,1,0
"8901",0,0,0,0,0,0,0,1,0
"8902",0,0,0,0,0,0,0,1,0
"8904",0,0,0,0,0,0,0,1,0
"8906",0,0,0,0,0,0,0,1,0
"8907",0,0,0,0,0,0,0,1,0
"8909",0,0,0,0,0,0,0,1,0
"8912",0,0,0,0,0,0,0,1,0
"8919",0,0,0,0,0,0,0,1,0
"8920",0,0,0,0,0,0,0,1,0
"8926",0,0,0,0,0,0,0,1,0
"8929",0,0,0,0,0,0,0,1,0
"8932",0,0,0,0,0,0,0,1,0
"8934",0,0,0,0,0,0,0,1,0
"8938",0,0,0,0,0,0,0,1,0
"8942",0,0,0,0,0,0,0,1,0
"8943",0,0,0,0,0,0,0,1,0
"8946",0,0,0,0,0,0,0,1,0
"8947",0,0,0,0,0,0,0,1,0
"8951",0,0,0,0,0,0,0,1,0
"8964",0,0,0,0,0,0,0,1,0
"8966",0,0,0,0,0,0,0,1,0
"8967",0,0,0,0,0,0,0,1,0
"8970",0,0,0,0,0,0,0,1,0
"8976",0,0,0,0,0,0,0,1,0
"8980",0,0,0,0,0,0,0,1,0
"8985",0,0,0,0,0,0,0,1,0
"8989",0,0,0,0,0,0,0,1,0
"8999",0,0,0,0,0,0,0,1,0
"9001",0,0,0,0,0,0,0,1,0
"9003",0,0,0,0,0,0,0,1,0
"9004",0,0,0,0,0,0,0,1,0
"9011",0,0,0,0,0,0,0,1,0
"9012",0,0,0,0,0,0,0,1,0
"9016",0,0,0,0,0,0,0,1,0
"9018",0,0,0,0,0,0,0,1,0
"9020",0,0,0,0,0,0,0,1,0
"9028",0,0,0,0,0,0,0,1,0
"9036",0,0,0,0,0,0,0,1,0
"9037",0,0,0,0,0,0,0,1,0
"9038",0,0,0,0,0,0,0,1,0
"9039",0,0,0,0,0,0,0,1,0
"9043",0,0,0,0,0,0,0,1,0
"9052",0,0,0,0,0,0,0,1,0
"9053",0,0,0,0,0,0,0,1,0
"9054",0,0,0,0,0,0,0,1,0
"9055",0,0,0,0,0,0,0,1,0
"9058",0,0,0,0,0,0,0,1,0
"9059",0,0,0,0,0,0,0,1,0
"9062",0,0,0,0,0,0,0,1,0
"9063",0,0,0,0,0,0,0,1,0
"9065",0,0,0,0,0,0,0,1,0
"9070",0,0,0,0,0,0,0,1,0
"9078",0,0,0,0,0,0,0,1,0
"9079",0,0,0,0,0,0,0,1,0
"9083",0,0,0,0,0,0,0,1,0
"9096",0,0,0,0,0,0,0,1,0
"9098",0,0,0,0,0,0,0,1,0
"9102",0,0,0,0,0,0,0,1,0
"9104",0,0,0,0,0,0,0,1,0
"9106",0,0,0,0,0,0,0,1,0
"9107",0,0,0,0,0,0,0,1,0
"9110",0,0,0,0,0,0,0,1,0
"9111",0,0,0,0,0,0,0,1,0
"9112",0,0,0,0,0,0,0,1,0
"9113",0,0,0,0,0,0,0,1,0
"9119",0,0,0,0,0,0,0,1,0
"9123",0,0,0,0,0,0,0,1,0
"9125",0,0,0,0,0,0,0,1,0
"9128",0,0,0,0,0,0,0,1,0
"9135",0,0,0,0,0,0,0,1,0
"9138",0,0,0,0,0,0,0,1,0
"9143",0,0,0,0,0,0,0,1,0
"9152",0,0,0,0,0,0,0,1,0
"9154",0,0,0,0,0,0,0,1,0
"9158",0,0,0,0,0,0,0,1,0
"9160",0,0,0,0,0,0,0,1,0
"9161",0,0,0,0,0,0,0,1,0
"9166",0,0,0,0,0,0,0,1,0
"9169",0,0,0,0,0,0,0,1,0
"9171",0,0,0,0,0,0,0,1,0
"9176",0,0,0,0,0,0,0,1,0
"9178",0,0,0,0,0,0,0,1,0
"9179",0,0,0,0,0,0,0,1,0
"9181",0,0,0,0,0,0,0,1,0
"9186",0,0,0,0,0,0,0,1,0
"9188",0,0,0,0,0,0,0,1,0
"9191",0,0,0,0,0,0,0,1,0
"9194",0,0,0,0,0,0,0,1,0
"9196",0,0,0,0,0,0,0,1,0
"9199",0,0,0,0,0,0,0,1,0
"9201",0,0,0,0,0,0,0,1,0
"9205",0,0,0,0,0,0,0,1,0
"9206",0,0,0,0,0,0,0,1,0
"9211",0,0,0,0,0,0,0,1,0
"9212",0,0,0,0,0,0,0,1,0
"9215",0,0,0,0,0,0,0,1,0
"9216",0,0,0,0,0,0,0,1,0
"9228",0,0,0,0,0,0,0,1,0
"9233",0,0,0,0,0,0,0,1,0
"9237",0,0,0,0,0,0,0,1,0
"9240",0,0,0,0,0,0,0,1,0
"9248",0,0,0,0,0,0,0,1,0
"9249",0,0,0,0,0,0,0,1,0
"9258",0,0,0,0,0,0,0,1,0
"9259",0,0,0,0,0,0,0,1,0
"9260",0,0,0,0,0,0,0,1,0
"9261",0,0,0,0,0,0,0,1,0
"9264",0,0,0,0,0,0,0,1,0
"9265",0,0,0,0,0,0,0,1,0
"9274",0,0,0,0,0,0,0,1,0
"9279",0,0,0,0,0,0,0,1,0
"9283",0,0,0,0,0,0,0,1,0
"9285",0,0,0,0,0,0,0,1,0
"9287",0,0,0,0,0,0,0,1,0
"9289",0,0,0,0,0,0,0,1,0
"9291",0,0,0,0,0,0,0,1,0
"9292",0,0,0,0,0,0,0,1,0
"9293",0,0,0,0,0,0,0,1,0
"9294",0,0,0,0,0,0,0,1,0
"9295",0,0,0,0,0,0,0,1,0
"9297",0,0,0,0,0,0,0,1,0
"9298",0,0,0,0,0,0,0,1,0
"9301",0,0,0,0,0,0,0,1,0
"9307",0,0,0,0,0,0,0,1,0
"9310",0,0,0,0,0,0,0,1,0
"9316",0,0,0,0,0,0,0,1,0
"9318",0,0,0,0,0,0,0,1,0
"9325",0,0,0,0,0,0,0,1,0
"9327",0,0,0,0,0,0,0,1,0
"9333",0,0,0,0,0,0,0,1,0
"9337",0,0,0,0,0,0,0,1,0
"9338",0,0,0,0,0,0,0,1,0
"9340",0,0,0,0,0,0,0,1,0
"9346",0,0,0,0,0,0,0,1,0
"9349",0,0,0,0,0,0,0,1,0
"9352",0,0,0,0,0,0,0,1,0
"9357",0,0,0,0,0,0,0,1,0
"9358",0,0,0,0,0,0,0,1,0
"9359",0,0,0,0,0,0,0,1,0
"9361",0,0,0,0,0,0,0,1,0
"9364",0,0,0,0,0,0,0,1,0
"9366",0,0,0,0,0,0,0,1,0
"9367",0,0,0,0,0,0,0,1,0
"9371",0,0,0,0,0,0,0,1,0
"9373",0,0,0,0,0,0,0,1,0
"9376",0,0,0,0,0,0,0,1,0
"9380",0,0,0,0,0,0,0,1,0
"9382",0,0,0,0,0,0,0,1,0
"9383",0,0,0,0,0,0,0,1,0
"9389",0,0,0,0,0,0,0,1,0
"9391",0,0,0,0,0,0,0,1,0
"9392",0,0,0,0,0,0,0,1,0
"9394",0,0,0,0,0,0,0,1,0
"9397",0,0,0,0,0,0,0,1,0
"9412",0,0,0,0,0,0,0,1,0
"9413",0,0,0,0,0,0,0,1,0
"9416",0,0,0,0,0,0,0,1,0
"9423",0,0,0,0,0,0,0,1,0
"9424",0,0,0,0,0,0,0,1,0
"9426",0,0,0,0,0,0,0,1,0
"9429",0,0,0,0,0,0,0,1,0
"9431",0,0,0,0,0,0,0,1,0
"9433",0,0,0,0,0,0,0,1,0
"9434",0,0,0,0,0,0,0,1,0
"9437",0,0,0,0,0,0,0,1,0
"9438",0,0,0,0,0,0,0,1,0
"9439",0,0,0,0,0,0,0,1,0
"9442",0,0,0,0,0,0,0,1,0
"9449",0,0,0,0,0,0,0,1,0
"9457",0,0,0,0,0,0,0,1,0
"9465",0,0,0,0,0,0,0,1,0
"9466",0,0,0,0,0,0,0,1,0
"9468",0,0,0,0,0,0,0,1,0
"9471",0,0,0,0,0,0,0,1,0
"9473",0,0,0,0,0,0,0,1,0
"9474",0,0,0,0,0,0,0,1,0
"9477",0,0,0,0,0,0,0,1,0
"9479",0,0,0,0,0,0,0,1,0
"9481",0,0,0,0,0,0,0,1,0
"9482",0,0,0,0,0,0,0,1,0
"9488",0,0,0,0,0,0,0,1,0
"9489",0,0,0,0,0,0,0,1,0
"9491",0,0,0,0,0,0,0,1,0
"9492",0,0,0,0,0,0,0,1,0
"9495",0,0,0,0,0,0,0,1,0
"9500",0,0,0,0,0,0,0,1,0
"9502",0,0,0,0,0,0,0,1,0
"9506",0,0,0,0,0,0,0,1,0
"9507",0,0,0,0,0,0,0,1,0
"9509",0,0,0,0,0,0,0,1,0
"9511",0,0,0,0,0,0,0,1,0
"9524",0,0,0,0,0,0,0,1,0
"9531",0,0,0,0,0,0,0,1,0
"9537",0,0,0,0,0,0,0,1,0
"9539",0,0,0,0,0,0,0,1,0
"9542",0,0,0,0,0,0,0,1,0
"9551",0,0,0,0,0,0,0,1,0
"9552",0,0,0,0,0,0,0,1,0
"9553",0,0,0,0,0,0,0,1,0
"9554",0,0,0,0,0,0,0,1,0
"9557",0,0,0,0,0,0,0,1,0
"9558",0,0,0,0,0,0,0,1,0
"9560",0,0,0,0,0,0,0,1,0
"9563",0,0,0,0,0,0,0,1,0
"9566",0,0,0,0,0,0,0,1,0
"9571",0,0,0,0,0,0,0,1,0
"9578",0,0,0,0,0,0,0,1,0
"9579",0,0,0,0,0,0,0,1,0
"9580",0,0,0,0,0,0,0,1,0
"9583",0,0,0,0,0,0,0,1,0
"9587",0,0,0,0,0,0,0,1,0
"9589",0,0,0,0,0,0,0,1,0
"9594",0,0,0,0,0,0,0,1,0
"9595",0,0,0,0,0,0,0,1,0
"9596",0,0,0,0,0,0,0,1,0
"9604",0,0,0,0,0,0,0,1,0
"9609",0,0,0,0,0,0,0,1,0
"9613",0,0,0,0,0,0,0,1,0
"9620",0,0,0,0,0,0,0,1,0
"9621",0,0,0,0,0,0,0,1,0
"9624",0,0,0,0,0,0,0,1,0
"9628",0,0,0,0,0,0,0,1,0
"9629",0,0,0,0,0,0,0,1,0
"9631",0,0,0,0,0,0,0,1,0
"9632",0,0,0,0,0,0,0,1,0
"9633",0,0,0,0,0,0,0,1,0
"9647",0,0,0,0,0,0,0,1,0
"9651",0,0,0,0,0,0,0,1,0
"9652",0,0,0,0,0,0,0,1,0
"9653",0,0,0,0,0,0,0,1,0
"9654",0,0,0,0,0,0,0,1,0
"9657",0,0,0,0,0,0,0,1,0
"9658",0,0,0,0,0,0,0,1,0
"9660",0,0,0,0,0,0,0,1,0
"9661",0,0,0,0,0,0,0,1,0
"9663",0,0,0,0,0,0,0,1,0
"9664",0,0,0,0,0,0,0,1,0
"9674",0,0,0,0,0,0,0,1,0
"9680",0,0,0,0,0,0,0,1,0
"9681",0,0,0,0,0,0,0,1,0
"9687",0,0,0,0,0,0,0,1,0
"9691",0,0,0,0,0,0,0,1,0
"9692",0,0,0,0,0,0,0,1,0
"9694",0,0,0,0,0,0,0,1,0
"9699",0,0,0,0,0,0,0,1,0
"9700",0,0,0,0,0,0,0,1,0
"9708",0,0,0,0,0,0,0,1,0
"9712",0,0,0,0,0,0,0,1,0
"9716",0,0,0,0,0,0,0,1,0
"9717",0,0,0,0,0,0,0,1,0
"9724",0,0,0,0,0,0,0,1,0
"9725",0,0,0,0,0,0,0,1,0
"9734",0,0,0,0,0,0,0,1,0
"9735",0,0,0,0,0,0,0,1,0
"9736",0,0,0,0,0,0,0,1,0
"9738",0,0,0,0,0,0,0,1,0
"9741",0,0,0,0,0,0,0,1,0
"9743",0,0,0,0,0,0,0,1,0
"9744",0,0,0,0,0,0,0,1,0
"9745",0,0,0,0,0,0,0,1,0
"9753",0,0,0,0,0,0,0,1,0
"9757",0,0,0,0,0,0,0,1,0
"9758",0,0,0,0,0,0,0,1,0
"9761",0,0,0,0,0,0,0,1,0
"9763",0,0,0,0,0,0,0,1,0
"9771",0,0,0,0,0,0,0,1,0
"9776",0,0,0,0,0,0,0,1,0
"9778",0,0,0,0,0,0,0,1,0
"9783",0,0,0,0,0,0,0,1,0
"9792",0,0,0,0,0,0,0,1,0
"9795",0,0,0,0,0,0,0,1,0
"9796",0,0,0,0,0,0,0,1,0
"9800",0,0,0,0,0,0,0,1,0
"9801",0,0,0,0,0,0,0,1,0
"9803",0,0,0,0,0,0,0,1,0
"9806",0,0,0,0,0,0,0,1,0
"9809",0,0,0,0,0,0,0,1,0
"9811",0,0,0,0,0,0,0,1,0
"9818",0,0,0,0,0,0,0,1,0
"9820",0,0,0,0,0,0,0,1,0
"9829",0,0,0,0,0,0,0,1,0
"9832",0,0,0,0,0,0,0,1,0
"9840",0,0,0,0,0,0,0,1,0
"9844",0,0,0,0,0,0,0,1,0
"9847",0,0,0,0,0,0,0,1,0
"9853",0,0,0,0,0,0,0,0.998,0.002
"9855",0,0,0,0,0,0,0,0.994,0.006
"9860",0,0,0,0,0,0,0,0.002,0.998
"9862",0,0,0,0,0,0,0,0.002,0.998
"9865",0,0,0,0,0,0,0,0,1
"9869",0,0,0,0,0,0,0,0,1
"9870",0,0,0,0,0,0,0,0,1
"9871",0,0,0,0,0,0,0,0,1
"9873",0,0,0,0,0,0,0,0,1
"9874",0,0,0,0,0,0,0,0,1
"9878",0,0,0,0,0,0,0,0,1
"9883",0,0,0,0,0,0,0,0,1
"9886",0,0,0,0,0,0,0,0,1
"9888",0,0,0,0,0,0,0,0,1
"9891",0,0,0,0,0,0,0,0,1
"9895",0,0,0,0,0,0,0,0,1
"9897",0,0,0,0,0,0,0,0,1
"9898",0,0,0,0,0,0,0,0,1
"9906",0,0,0,0,0,0,0,0,1
"9910",0,0,0,0,0,0,0,0,1
"9916",0,0,0,0,0,0,0,0,1
"9920",0,0,0,0,0,0,0,0,1
"9924",0,0,0,0,0,0,0,0,1
"9926",0,0,0,0,0,0,0,0,1
"9927",0,0,0,0,0,0,0,0,1
"9928",0,0,0,0,0,0,0,0,1
"9931",0,0,0,0,0,0,0,0,1
"9932",0,0,0,0,0,0,0,0,1
"9933",0,0,0,0,0,0,0,0,1
"9937",0,0,0,0,0,0,0,0,1
"9938",0,0,0,0,0,0,0,0,1
"9940",0,0,0,0,0,0,0,0,1
"9941",0,0,0,0,0,0,0,0,1
"9943",0,0,0,0,0,0,0,0,1
"9945",0,0,0,0,0,0,0,0,1
"9948",0,0,0,0,0,0,0,0,1
"9952",0,0,0,0,0,0,0,0,1
"9954",0,0,0,0,0,0,0,0,1
"9955",0,0,0,0,0,0,0,0,1
"9959",0,0,0,0,0,0,0,0,1
"9964",0,0,0,0,0,0,0,0,1
"9967",0,0,0,0,0,0,0,0,1
"9968",0,0,0,0,0,0,0,0,1
"9970",0,0,0,0,0,0,0,0,1
"9984",0,0,0,0,0,0,0,0,1
"9986",0,0,0,0,0,0,0,0,1
"9987",0,0,0,0,0,0,0,0,1
"9989",0,0,0,0,0,0,0,0,1
"9992",0,0,0,0,0,0,0,0,1
"9995",0,0,0,0,0,0,0,0,1
"9997",0,0,0,0,0,0,0,0,1
"10006",0,0,0,0,0,0,0,0,1
"10010",0,0,0,0,0,0,0,0,1
"10014",0,0,0,0,0,0,0,0,1
"10021",0,0,0,0,0,0,0,0,1
"10022",0,0,0,0,0,0,0,0,1
"10031",0,0,0,0,0,0,0,0,1
"10033",0,0,0,0,0,0,0,0,1
"10035",0,0,0,0,0,0,0,0,1
"10043",0,0,0,0,0,0,0,0,1
"10044",0,0,0,0,0,0,0,0,1
"10045",0,0,0,0,0,0,0,0,1
"10047",0,0,0,0,0,0,0,0,1
"10053",0,0,0,0,0,0,0,0,1
"10063",0,0,0,0,0,0,0,0,1
"10068",0,0,0,0,0,0,0,0,1
"10070",0,0,0,0,0,0,0,0,1
"10074",0,0,0,0,0,0,0,0,1
"10077",0,0,0,0,0,0,0,0,1
"10078",0,0,0,0,0,0,0,0,1
"10080",0,0,0,0,0,0,0,0,1
"10085",0,0,0,0,0,0,0,0,1
"10086",0,0,0,0,0,0,0,0,1
"10088",0,0,0,0,0,0,0,0,1
"10089",0,0,0,0,0,0,0,0,1
"10090",0,0,0,0,0,0,0,0,1
"10091",0,0,0,0,0,0,0,0,1
"10092",0,0,0,0,0,0,0,0,1
"10096",0,0,0,0,0,0,0,0,1
"10098",0,0,0,0,0,0,0,0,1
"10112",0,0,0,0,0,0,0,0,1
"10113",0,0,0,0,0,0,0,0,1
"10114",0,0,0,0,0,0,0,0,1
"10117",0,0,0,0,0,0,0,0,1
"10119",0,0,0,0,0,0,0,0,1
"10124",0,0,0,0,0,0,0,0,1
"10126",0,0,0,0,0,0,0,0,1
"10130",0,0,0,0,0,0,0,0,1
"10133",0,0,0,0,0,0,0,0,1
"10139",0,0,0,0,0,0,0,0,1
"10142",0,0,0,0,0,0,0,0,1
"10144",0,0,0,0,0,0,0,0,1
"10145",0,0,0,0,0,0,0,0,1
"10146",0,0,0,0,0,0,0,0,1
"10148",0,0,0,0,0,0,0,0,1
"10149",0,0,0,0,0,0,0,0,1
"10155",0,0,0,0,0,0,0,0,1
"10157",0,0,0,0,0,0,0,0,1
"10161",0,0,0,0,0,0,0,0,1
"10164",0,0,0,0,0,0,0,0,1
"10172",0,0,0,0,0,0,0,0,1
"10173",0,0,0,0,0,0,0,0,1
"10176",0,0,0,0,0,0,0,0,1
"10179",0,0,0,0,0,0,0,0,1
"10183",0,0,0,0,0,0,0,0,1
"10189",0,0,0,0,0,0,0,0,1
"10191",0,0,0,0,0,0,0,0,1
"10194",0,0,0,0,0,0,0,0,1
"10202",0,0,0,0,0,0,0,0,1
"10204",0,0,0,0,0,0,0,0,1
"10214",0,0,0,0,0,0,0,0,1
"10215",0,0,0,0,0,0,0,0,1
"10217",0,0,0,0,0,0,0,0,1
"10219",0,0,0,0,0,0,0,0,1
"10220",0,0,0,0,0,0,0,0,1
"10221",0,0,0,0,0,0,0,0,1
"10223",0,0,0,0,0,0,0,0,1
"10225",0,0,0,0,0,0,0,0,1
"10227",0,0,0,0,0,0,0,0,1
"10228",0,0,0,0,0,0,0,0,1
"10236",0,0,0,0,0,0,0,0,1
"10241",0,0,0,0,0,0,0,0,1
"10243",0,0,0,0,0,0,0,0,1
"10246",0,0,0,0,0,0,0,0,1
"10247",0,0,0,0,0,0,0,0,1
"10251",0,0,0,0,0,0,0,0,1
"10254",0,0,0,0,0,0,0,0,1
"10255",0,0,0,0,0,0,0,0,1
"10256",0,0,0,0,0,0,0,0,1
"10263",0,0,0,0,0,0,0,0,1
"10264",0,0,0,0,0,0,0,0,1
"10271",0,0,0,0,0,0,0,0,1
"10275",0,0,0,0,0,0,0,0,1
"10278",0,0,0,0,0,0,0,0,1
"10281",0,0,0,0,0,0,0,0,1
"10285",0,0,0,0,0,0,0,0,1
"10286",0,0,0,0,0,0,0,0,1
"10291",0,0,0,0,0,0,0,0,1
"10296",0,0,0,0,0,0,0,0,1
"10298",0,0,0,0,0,0,0,0,1
"10299",0,0,0,0,0,0,0,0,1
"10300",0,0,0,0,0,0,0,0,1
"10301",0,0,0,0,0,0,0,0,1
"10304",0,0,0,0,0,0,0,0,1
"10305",0,0,0,0,0,0,0,0,1
"10306",0,0,0,0,0,0,0,0,1
"10308",0,0,0,0,0,0,0,0,1
"10312",0,0,0,0,0,0,0,0,1
"10317",0,0,0,0,0,0,0,0,1
"10320",0,0,0,0,0,0,0,0,1
"10321",0,0,0,0,0,0,0,0,1
"10325",0,0,0,0,0,0,0,0,1
"10327",0,0,0,0,0,0,0,0,1
"10330",0,0,0,0,0,0,0,0,1
"10333",0,0,0,0,0,0,0,0,1
"10336",0,0,0,0,0,0,0,0,1
"10339",0,0,0,0,0,0,0,0,1
"10352",0,0,0,0,0,0,0,0,1
"10356",0,0,0,0,0,0,0,0,1
"10357",0,0,0,0,0,0,0,0,1
"10359",0,0,0,0,0,0,0,0,1
"10368",0,0,0,0,0,0,0,0,1
"10374",0,0,0,0,0,0,0,0,1
"10375",0,0,0,0,0,0,0,0,1
"10381",0,0,0,0,0,0,0,0,1
"10385",0,0,0,0,0,0,0,0,1
"10389",0,0,0,0,0,0,0,0,1
"10390",0,0,0,0,0,0,0,0,1
"10395",0,0,0,0,0,0,0,0,1
"10398",0,0,0,0,0,0,0,0,1
"10399",0,0,0,0,0,0,0,0,1
"10403",0,0,0,0,0,0,0,0,1
"10408",0,0,0,0,0,0,0,0,1
"10411",0,0,0,0,0,0,0,0,1
"10416",0,0,0,0,0,0,0,0,1
"10417",0,0,0,0,0,0,0,0,1
"10424",0,0,0,0,0,0,0,0,1
"10426",0,0,0,0,0,0,0,0,1
"10429",0,0,0,0,0,0,0,0,1
"10430",0,0,0,0,0,0,0,0,1
"10431",0,0,0,0,0,0,0,0,1
"10435",0,0,0,0,0,0,0,0,1
"10436",0,0,0,0,0,0,0,0,1
"10441",0,0,0,0,0,0,0,0,1
"10443",0,0,0,0,0,0,0,0,1
"10446",0,0,0,0,0,0,0,0,1
"10447",0,0,0,0,0,0,0,0,1
"10448",0,0,0,0,0,0,0,0,1
"10450",0,0,0,0,0,0,0,0,1
"10453",0,0,0,0,0,0,0,0,1
"10454",0,0,0,0,0,0,0,0,1
"10456",0,0,0,0,0,0,0,0,1
"10457",0,0,0,0,0,0,0,0,1
"10458",0,0,0,0,0,0,0,0,1
"10459",0,0,0,0,0,0,0,0,1
"10462",0,0,0,0,0,0,0,0,1
"10466",0,0,0,0,0,0,0,0,1
"10472",0,0,0,0,0,0,0,0,1
"10473",0,0,0,0,0,0,0,0,1
"10475",0,0,0,0,0,0,0,0,1
"10478",0,0,0,0,0,0,0,0,1
"10482",0,0,0,0,0,0,0,0,1
"10483",0,0,0,0,0,0,0,0,1
"10486",0,0,0,0,0,0,0,0,1
"10487",0,0,0,0,0,0,0,0,1
"10488",0,0,0,0,0,0,0,0,1
"10491",0,0,0,0,0,0,0,0,1
"10492",0,0,0,0,0,0,0,0,1
"10495",0,0,0,0,0,0,0,0,1
"10496",0,0,0,0,0,0,0,0,1
"10500",0,0,0,0,0,0,0,0,1
"10502",0,0,0,0,0,0,0,0,1
"10506",0,0,0,0,0,0,0,0,1
"10509",0,0,0,0,0,0,0,0,1
"10511",0,0,0,0,0,0,0,0,1
"10512",0,0,0,0,0,0,0,0,1
"10517",0,0,0,0,0,0,0,0,1
"10520",0,0,0,0,0,0,0,0,1
"10523",0,0,0,0,0,0,0,0,1
"10524",0,0,0,0,0,0,0,0,1
"10525",0,0,0,0,0,0,0,0,1
"10526",0,0,0,0,0,0,0,0,1
"10527",0,0,0,0,0,0,0,0,1
"10535",0,0,0,0,0,0,0,0,1
"10545",0,0,0,0,0,0,0,0,1
"10548",0,0,0,0,0,0,0,0,1
"10550",0,0,0,0,0,0,0,0,1
"10555",0,0,0,0,0,0,0,0,1
"10558",0,0,0,0,0,0,0,0,1
"10559",0,0,0,0,0,0,0,0,1
"10560",0,0,0,0,0,0,0,0,1
"10569",0,0,0,0,0,0,0,0,1
"10573",0,0,0,0,0,0,0,0,1
"10574",0,0,0,0,0,0,0,0,1
"10578",0,0,0,0,0,0,0,0,1
"10579",0,0,0,0,0,0,0,0,1
"10580",0,0,0,0,0,0,0,0,1
"10583",0,0,0,0,0,0,0,0,1
"10584",0,0,0,0,0,0,0,0,1
"10585",0,0,0,0,0,0,0,0,1
"10587",0,0,0,0,0,0,0,0,1
"10590",0,0,0,0,0,0,0,0,1
"10595",0,0,0,0,0,0,0,0,1
"10603",0,0,0,0,0,0,0,0,1
"10608",0,0,0,0,0,0,0,0,1
"10612",0,0,0,0,0,0,0,0,1
"10613",0,0,0,0,0,0,0,0,1
"10617",0,0,0,0,0,0,0,0,1
"10622",0,0,0,0,0,0,0,0,1
"10625",0,0,0,0,0,0,0,0,1
"10637",0,0,0,0,0,0,0,0,1
"10639",0,0,0,0,0,0,0,0,1
"10645",0,0,0,0,0,0,0,0,1
"10649",0,0,0,0,0,0,0,0,1
"10673",0,0,0,0,0,0,0,0,1
"10674",0,0,0,0,0,0,0,0,1
"10680",0,0,0,0,0,0,0,0,1
"10685",0,0,0,0,0,0,0,0,1
"10686",0,0,0,0,0,0,0,0,1
"10687",0,0,0,0,0,0,0,0,1
"10689",0,0,0,0,0,0,0,0,1
"10690",0,0,0,0,0,0,0,0,1
"10692",0,0,0,0,0,0,0,0,1
"10701",0,0,0,0,0,0,0,0,1
"10707",0,0,0,0,0,0,0,0,1
"10709",0,0,0,0,0,0,0,0,1
"10712",0,0,0,0,0,0,0,0,1
"10716",0,0,0,0,0,0,0,0,1
"10720",0,0,0,0,0,0,0,0,1
"10721",0,0,0,0,0,0,0,0,1
"10722",0,0,0,0,0,0,0,0,1
"10723",0,0,0,0,0,0,0,0,1
"10724",0,0,0,0,0,0,0,0,1
"10730",0,0,0,0,0,0,0,0,1
"10735",0,0,0,0,0,0,0,0,1
"10736",0,0,0,0,0,0,0,0,1
"10740",0,0,0,0,0,0,0,0,1
"10741",0,0,0,0,0,0,0,0,1
"10742",0,0,0,0,0,0,0,0,1
"10745",0,0,0,0,0,0,0,0,1
"10747",0,0,0,0,0,0,0,0,1
"10752",0,0,0,0,0,0,0,0,1
"10757",0,0,0,0,0,0,0,0,1
"10762",0,0,0,0,0,0,0,0,1
"10767",0,0,0,0,0,0,0,0,1
"10774",0,0,0,0,0,0,0,0,1
"10781",0,0,0,0,0,0,0,0,1
"10784",0,0,0,0,0,0,0,0,1
"10796",0,0,0,0,0,0,0,0,1
"10797",0,0,0,0,0,0,0,0,1
"10800",0,0,0,0,0,0,0,0,1
"10809",0,0,0,0,0,0,0,0,1
"10818",0,0,0,0,0,0,0,0,1
"10821",0,0,0,0,0,0,0,0,1
"10822",0,0,0,0,0,0,0,0,1
"10825",0,0,0,0,0,0,0,0,1
"10832",0,0,0,0,0,0,0,0,1
"10836",0,0,0,0,0,0,0,0,1
"10840",0,0,0,0,0,0,0,0,1
"10842",0,0,0,0,0,0,0,0,1
"10851",0,0,0,0,0,0,0,0,1
"10854",0,0,0,0,0,0,0,0,1
"10855",0,0,0,0,0,0,0,0,1
"10856",0,0,0,0,0,0,0,0,1
"10857",0,0,0,0,0,0,0,0,1
"10858",0,0,0,0,0,0,0,0,1
